CHARITY,GOV,LOCAL_GOV,PRIVATE,RELIGIOUS,FOREIGN,SCHOOL
WORLDVISION,UNICEF,OXFAM,OXFARM,FINIWATER,WATERAID,AMREF,MISSION,ADRA,MAGADINIMAKIWARUWATER,OIKOSEAFRIKA,UNICE,CONCERNWORLDWIDE,CONCERN,FINWATER,WATERAIDSEMA,PLANINTERNATIONAL,COCEN,REDCROSS,FINNWATER,OIKOSEAFRICAEUROPEANUNION,ICS,THEDESKANDCHAIRFOUNDAT,HAPPYWATOTOFOUNDATION,FINWATER,COCERN,SAVETHERAINUSA,WATERAIDSEMA,CAREINTERNATIONAL,PLANINTERNATIO,WWF,ROTARYCLUB,OXFAMGB,WATERPROJECTMBAWALACHINI,LIVINGWATERINTERNATIONAL,UNICEFCENTRAL,DESKANDCHAIRFOUNDATION,WOMENFORPARTNERSHIP,ACTIONAID,AFRICARE,AFRICANDEVELOPMENTFOUNDATION,UNICEFCSP,WATEAIDSEMA,CONCERNGOVERN,OIKOSEAFRICAEUROPEANUNION,COCEN,CONCERNGOVERNM,TASAF,TCRS,HIFAB,FINW,ISF,DED,PLANINT,UNHCR,SNV,MISSI,CMSR,CDTF,CONCE,MARAFIP,CEFA,TWESA,WFP,USAIDWFP,WFPTNT,WFPUSAIDTNT,WFPUSAID,WFPTNTUSAID,WFP,DEVONAIDKOROGWE,ACRA,SHAWASA,CAFOD,TDFT,ILO,ICS,THEDESKANDCHAIRFOUNDAT,WORLDVISIONADRA,SAVETHERAINUSA,UNDPILO,IL,IWASH,MILENIAMPROJECT,TOTALLANDCARE,CEFANJOMBE,KILLFLORA,MSF,PEACECOPE,DRDPNGO,IDYDC,TAHEA,LIVIN,AFRICANRELIE,MSFTACARE,UNDPAICT,SECONDARY,LIFETIME,MILLENIUM,TASAFU,TASAFDMDD,CHAMAVITA,DESKANDCHAIRFOUNDATION,KADRESNGO,ACTIONCONTRELAFAIM,KINGUPIRAS,MILENIA,LOTTERYCLUB,ROTARYCLUBOFUSAANDMOSHI,SUMMITFORWATER,NGOS,JESHILAWOKOVU,TOTALLANDCARE,CONCEN,DWEBAMBOOPROJEC,UHAIWAMAMANAMTOTO,MAVUNONGO,AFRICAN,NO,WORLDVISIONKKKT,HOSPITAL,ROTARYI,BINGOFOUNDATION,QUICKWINPROJECT,QUICKWI,QUWKWIN,QUICK,QWICKWIN,QUICK,QUICKWINGS,QUICKWINS,QUIK,QUICKWINPROJECTCOUNCIL,OIKOS,LVIA,TWE,DW,ADP,MAGOMAADP,ADPMOMBO,KADP,DADP,OXFARMGB,OX,KINDOROKOWATERPROJECT,RILAYOWATERPROJECT,AFRICAPROJECTEVGERMANY,KAMATAPROJECT,KIBARAFOUNDATION,KUJIFOUNDATION,FRIENDSOFKIBARAFOUNDATION,KOMBEFOUNDATION,BINGOFOUNDATIONGERMANY,AFRICANREFLECTIONSFOUNDATION,NGO,ROTARYCLUBAUSTRALIA,LOTARYCLUB,ROTARYCLUBOFCHICOANDMOSHI,ROTARYCLUBKITCHENER,ROTATYCLUB,LIONSCLUB,LIONSCLUBKILIMANJARO,UNWFP,TLCJOHNMAJALA,BREADFORTHEWOR,UNICEFCSPD,KDRDPNGO,LIONS,CARTASTANZANIA,USAID,ASDP,TUMAINIFUND,BRIDGENORTH,ROTERYC,QUICKWINS,ACTIONINA,LOTTERY,FRIEDKINCONSERVATIONFUND,CAREINT,REDCROSS,AFRICANREALIEFCOMMITTEOFKU,AFRICA2000NETWORK,ACORDNGO,THEISLA,TACARE,ISFTACARE,TINAAFRICARE,TOTOLANDCARE,CAREDWE,TOTALANDCARE,VIFAFI,ENGINEERSWITHOUTBORDER,QUICKWIN,QWCKWIN,UNICET,GOLDWILLFOUNDATION,LOTARYINTERNATIONAL,ROTARY,QUICKLW,WATERAIDDWE,UNISEG,COMPASIONINTERNATIONAL,TKC,TQUICKWINGS,HESAWAANDCONCERNWORLDWIDE,WWFFORES,OIKOSEAFRICAEUROPEANUNION,QWICKWIN,TLCJENUSMALECHA,UNICEG,WORLDVISION,TLCEMMANUELKASOGA,ONEDESKONECHAIR,UNICRF,WOMENFOPARTNERSHIP,AFRIICANRELI,HEARTSHELPINGHANDSINC,QWEKWIN,BREADOFTHEWORL,INTERNATIONALAIDSERVICES,UNICECSPD,SHIRIKALAKINAMAMANAWATOT,LIONSC,TADEPA,SEMA,UDCSEMA,WATERSEMA,SEMAS,SEMAKIK,GIZ,TLC,PARTAGE,CSPD,ILCT,EFG,ERETO,MSABI,SNVSWASH,SWASH,DARALBER,PRF,LWI,IDEA,NADO,PCI,TRACHOMA,CALTAS,TCRSTLC,ADAP,FARMAFRICA,SIMAVI,UNESCO,ENGIN,AWF,ACORD,ADPBUNGU,ENO,AFRICAAMINIALAMA,IRC,AFRICA2000NETWORKUNDP,ADPW,AFRICAN2000NETWORK,LGAANDADB,TOTOLAND,QUICKWINHALMASHAURI,TANEDAPSSOCIETY,HAPASINGIDA,UNHABITAT,AMREFE,GURDIANS,CHMAVITA,RAMSAR,FREDKEDCONSERVATION,WCST,LIONCLU,RUDRI,WSDO,SIPDO,KIKUNDICHAAKINAMAMA,TLCSORRI,FARMAFRICA,BUSOGATRUST,TLCTHIMOTHEOMASUNGA,KARADEANGO,AQUABLUESANGELS,QUICKWINSSCHEME,TLCSELEMANMANGOMBE,AFDP,FW,WORLD,WATERAID,UNISEF,OIKOSEAFRICA,WATERAID,CBHCC,WFPUSAID,TPPTRUSTMOSHI,ADPBUSANGI,MVIWA,WORLDVISSION,HAPA,WATERAID,TLTC,REDESO,CONCERNGOVERNMENT,SAVETHERAIN,MILENIAM,SUMMITFORWATERCOMMUNITY,OIKOSEAFRICA,TWESACOMMUNITY,WATERAIDSEMA,TRUST,DESKC,AFRICA,HIAP,PEOPLEP,TCRSTLC,OIKOSEAFRICA,MILENIUM,EFARM,LIONS,AFRICA,TCRSTWESA,TCRSTWESA,WWF,QUKWIN,AGRICAN,FINWATE,TWESAJAMII,TCRSA,CARECIPRO,COMPASIONINTERNATIO,LIONSCLUB,WORLDVISIIN,TCRSTASSAF,WATERAIDS,TCRSDWE,ICFTWESA,TLCSAMORA,LIONSCLUB,WATERAIDMAJITECH,AFRICAONE,NGOS
GOVERNMENTOFTANZANIA,RWSSP,MINISTRYOFWATER,LGA,DWSP,RURALWATERSUPPLYANDSANITAT,WSDP,TANZA,KUWAIT,FINIDAGERMANTANZANIAGOVT,DWSSP,CIPROGOVERNMENT,WATERBOARD,TANZANIA,ISFGOVERNMENT,RWSP,GOVERNMENTCOMMUNITY,FINIDAGERMANTANZANIAGOVT,GOVERNMENTWORLDBANK,MEMBEROFPARLIAMENT,GOVERNMENTTASSAF,RWSSSP,TASSAFDANIDA,RWSSPWSDP,MINISTRYOFEDUCATION,RSSP,KOICAANDTANZANIAGOVERNMENT,MINISTRYOFWATER,DHV,WATER,RUDEP,WB,TASSAF,UNDP,GTZ,PADEP,NATIONALRURAL,IDARAYAMAJI,DWENORAD,SERIKALI,DHVNORP,IFAD,TANZAKESHO,DHVMORO,RURALWATERSUPPLYANDSANITA,NATIONALRURALANDHFA,DHVGOVE,BFFS,TASSAFII,PARASTATAL,MINISTRYOFEDUCATION,WRSSP,TCRSGOVERNMENT,DOMESTICRURALDEVELOPMENTPRO,RURALDRINKINGWATERSUPPLY,KAEMP,TASAFANDLGA,TASAFII,TASAE,TAASAF,ISFTASAFF,TASAFANDLGA,TASAFANDMMEM,TASAF1,TASAFTLC,TASA,RURALWATERDEPARTMENT,WATERSECTORDEVELOPMENT,WATERDEPARTMENT,DOMESTICWATERSUPPLYPROJECT,DISTRICTRURALPROJECT,VGOVERNMENT,GOVERNMENTSDA,MISRIGOVERNMENT,GOVERNMENTANDCOMMUNITY,GOVERNMENTTASSAF,GOVERNMENTTCRS,GOVERNMENTWORLDVISION,GOVERNMENT,HANDENITRUNKMAIN,DOMESTICRURALDEVELOPMENTPR,MINISTRYOFAGRICULTURA,MINISTRYOFHEALTHY,RWSSPSHINYANGA,GOVERNMENTOFMISRI,TASSAFI,OVERNMENT,RUDEPNORAD,RUDEPDWE,TASF,DEDRWSSP,DWERUDEP,HEALTHMINISTRY,GO,DH,RIDEP,TREDEP,KIRDEP,TRIDEP,KIDEP,REDEP,PADEPMIFUGO,DASIP,PIDP,ASB,UKILIGU,RDC,IMF,SAOH,BENGUKA,DASP,HEALT,MEM,CBHI,NSC,DDP,HESAWZ,DBSPE,TANAPA,TANAP,PMO,SIMMORS,WIZARA,DODDEA,TIRDO,RURALWATERSUPPLY,DASSIP,SSWP,TANROAD,TPP,WAJERUMANI,TASEF,TANZANIAEGYPT,TREEDAP,PRODAP,NATIONALPARK,AFYADEPARTMENTLINDIRURAL,CHAMACHAUSHIRIKA,WDSP,TANLOAD,HESSWA,HESAWZA,HEWAWA,HEWASA,ISFGVT,HESAWWA,DRWSSP,TANZANIAEGYPTTECHNICALCOOP,DAGIDA,HESAWA,HE,RWE,CENTRALGOVERNMENT,GOVER,GOVE,DISTRI,CENTR,MWE,CENTRALGOVT,GOVER,CENTRALGOVERNMENT,REGIONWATERDEPARTMENT,RWEDWE,MWE,WIZARAYAMAJI,TANZANIAGOVERNMENT,KIDP,GOVERN,TAWASA,TANPLANTLTD,GEOTAN,NORA,CENTRALGOVERNMENT,TANZ,UKILIG,RWECOMMUNITY,CENTRALGOVERNMENT,RW,CANADANATANZANIA,RUDEP,MINISTRYOFWATERENGINEER,RWECOMMUNITY,RUDE,RWECOMMUNITY,ADRAGOVERNMENT,CENTALGOVERNMENT,TASAF,WE,CEBTRALGOVERNMENT,UNONE,KOICA,TANZANIANGOVERNMENT,TASSAFTCRS,PLANTANZANIA,GOVERM,WORLDBANKS,GOVERNME,RWECOMMUNITY,SELIKALI,WORLDDIVISION,REDAP,CIPRO,GOVERNME,TANCRO,TAIPO,RWETCRS,NOSHAD,HANDENITRUNKMAIN,MPANGOWAMWISA,CENTRAGOVERNMENT,HEESAW,GOVERNMEN,HESAW,TASAFANDCOMUNITY,DWETASSAF,HESAWS,CETRALGOVERNMENTRC,CENTRAGOVT
DISTRICTCOUNCIL,MKINGADISTRICCOUN,MKINGADISTRICCOU,KIBAHATOWNCOUNCIL,VILLAGEGOVERNMENT,SONGEADISTRICTCOUNCIL,SONGEAMUNICIPALCOUNCI,WUA,VILLAGERS,VILLAGECOUNCIL,COMMUNITY,MUWSA,HALMASHAURIYAWILAYASIKONGE,HSW,VWC,NCAA,MKINGADISTRICCOU,LOSAAKIAWATERSUPPLY,COMMU,KILINDIDISTRICTCO,TABORAMUNICIPALCOUNCIL,KUWASA,MBIUWASA,WATERUSERAS,TUWASA,HALMASHAURI,VILLAGE,KILWATER,VILLAGECOMMUNITY,SEKEIVILLAGECOMMUNITY,SINGIDAYETU,SOWASA,MAKONDEWATERPOPULATION,SUMBAWANGAMUNICI,BAHEWASA,OLGILAIVILLAGECOMMUNITY,VILLAGECOUNCILHAYDOMLUTHER,HALMASHAURIYAMANISPATABORA,LGCDG,LOWASA,KINAPA,AUWASA,SUWASA,MZINGAA,SERIKALIYAKIJIJI,REGIONALWATERENGINEERARUSHA,WATERUSERGROUP,IKELAWA,COUNCIL,SENGEREMADISTRICTCOUNCIL,MTUWASA,MAMLAKAYAMAJINGARA,HALMASHAUR,MBOZIDISTRICTCOUNCIL,VILLAGEGOVT,SAUWASA,KYELACOUNCIL,DUWAS,SANGEADISTRICTCOUNCIL,MUNICIPALCOUNCIL,MHEZADISTRICCOUNC,ILKERIVILLAGE,KIGOMAMUNICIPAL,MWANGATOWNWATERAUTHORITY,LOCAL,VILLA,MTUWASAANDCOMMUNITY,NGIRESIVILLAGECOMMUNITY,LIUWASSA,NDUKUVILLAGE,OLDADAIVILLAGECOMMUNITY,HALMASHAURIYAWILAYA,MDRDP,NDRDP,GOVERNMENTSCHOOL,MUWASA,DAWASA,SUASA,VILLAGEWATERCOMMISSION,KIGOMAMUNICIPALCOUNCIL,VILLEGECOUNCIL,VILLAGECOUNCILROSEKAWALA,WBDISTRICTCOUNCIL,CDTFDISTRICTCOUNCIL,VILLAGEFUND,HALMASHAULI,SOLARVILLA,GESAWA,VILLAERS,COMUNITYCONSTRUCTIONFUND,VILLAGECONTRIBUTIO,DARESSALAAMROUNDTABLE,MARUMBOCOMMUNITY,VILLAGECOMMUNI,GRANAHALMASHAURI,KITIANGAREVILLAGECOMMUNITY,HALMASHAURIWIL,VILLAGEOFFICE,SUBVILLAGE,TCRSVILLAGECOMMUNITY,VILLAGERES,VILLAGERSMPI,VILLEGERS,VILLAGES,VILLLAGECONTRIBUTI,ILWILOCOMMUNITY,KWADITRIKICHO,TLCCOMMUNITY,HALIMASHAULI,OKUTUVILLAGECOMMUNITY,BULUGASUBVILLAGECOMMUNITY,NYAMINGUSUBVILLAGE,IGOLOLACOMMUNITY,TOWNCOUNCIL,COMMUNITYBANK,OAKZIONANDBUGANGOBCOMMU,SCHOOL,LONGIDOSECSCHOOL,MDC,ISINGIROHO,RUNDUMAN,RUNDUMAN,LVEMP,LGDCG,LGCBG,IFAKARA,LCDG,ARDHIINSTUTE,EDUCATIONFUNDS,MFUKOWAJIMBOLAMAGU,KONDOPRIMARY,MASEKACOMMUNITY,CDFT,LGCGD,MANYOVUAGRICULTUREINSTITUTE,SELIKALIYAKIJIJI,WANAKIJIJI,KWAMZEEWAZIRI,KIJIJ,SENGEREMAWATERDEPARTMENT,MAGADINIMAKIWARUWA,DWE,DISTRICTWATERDEPARTMENT,ADRACOMMUNITY,ADRACOMMUNITY,COMMUNIT,DISTRICTWATERDEPAR,DWE,DISTRICTCOUNCI,VILLAG,VILL,ARDHIWATERWELL,DWE,SANGEADISTRICTCOUN,COUN,VILLAGECOUNCILORPHA,SONGEADISTRICTCOUN,SHUWASA,DADSVILLAGECOMMUNITY,COUNC,DISTRICTCOUNCIL,SERENGETIDISTRICTCONCIL,DEE,VILLAGECOUNIL,HALMASHAURIQUICKWINPROJECT,VILLAGER,MAENDELEOYAJAMII,NDDP,MUNICIPAL,COMUNITY,VILLAGER,VILLAGEWATERCOMMITTEE,MDRD,ESAWA,WATERUSERSGROUP,DISTRICTCOMMUNITYJ,WATERBOARDS,VILLAGECOMMUNITYMEMBERS,LINDIRURALWATERDEPARTMENT,ENGARASEROVILLAGERS,DISTRICWATERDEPARTMENT,VILLAGECOUNCILODA,TABOMACOMMUNITY,VILLI,VILLIGERS,MBULUDISTRICTCOUNCIL,DWEUBALOZIWAMAREKANI,UBALOZIWAMAREKANIDWE,DWETASSAF,DWE
PRIVATEINDIVIDUAL,ADB,PRIVATE,CESGMBH,SHIPO,CESGMBH,AFRICANDEVELOPMENTBANK,BANK,PRIVATEOWNED,WILLIAMSOMDIAMONLTD,IEC,PRIVA,TULAWAKAGOLDMINE,NYAMONGOGOLDMINING,GEITAGOLDMAIN,KILIWATER,WANANCHI,DFID,DONOR,JBG,AAR,BIORE,SONGAS,BGM,SABODO,MWAYAMN,SWISLANDMOUNTMERUFLOWERS,TADO,RESOLUTEMINING,FPCT,BULYAHUNLUGOLDMINE,SNVLTD,WILLIAMSONDIAMONDLTD,HORTANZIA,PROFESSORBENOHIOUNIVERSITY,MEMBEROFPARLIAMENT,SANPELLEGRINO,SIMONLUSAMBI,ROBERTLOYAL,DAWASCO,REGWACOMPANYOFEGYPT,JGB,LAWATEFUKAWATERSUPPLY,SABEMO,LAWATEFUKAWATERSUPP,FRESHWATERPLCENGLAND,RESOLUTEGOLDENPRIDEPROJECT,REGINAGROUP,NGELEPOGROUP,IKEUCHITOWELSJAPAN,FIWATER,SWISLANDMOUNTMERUFLOWERS,TENDEGREEHOTEL,AFRICANBARRICKGOLD,BIOFUELCOMPANY,VICFISHLTD,KIBOBREWARIES,STEPHANOPAULO,STEVENNYANGARIKA,GEOCHAINA,LOSAKIAWATERSUPPLY,SAFARIROYA,MZUNGUPAUL,LAWATEFUKAWATERSUPPL,HOTELSANDLOGGSTZLTD,PRIVATEPERSON,REGWACOMPANYOFEGPTY,JUDGEMCHOME,MMGGOLDMINE,COMPANY,EGYPT,PETERTESHA,PETERNGEREKA,PETERS,PETER,INSTITUTION,LEEKANGPYUNGSFAMILY,WAFIDHIWAZIWAT,JOHNGILETH,PRIVATEINDIVIDUL,MEMBEROFPERLIAMENTAHMEDALI,RICHARDMKYORE,BONITEBOTTLESLTD,ROBERTMOSI,PRIVATECO,OTELOBUSSINESSCOMPANY,PETERMAYIRO,PRIVATEINSTITUTIONS,JOHNSKWESE,OLDNYIKACOMPANY,PAULOSANGE,PROFSALUATI,ROBERTKAMPALA,DASPLTD,HOTELSANDLODGETANZANIA,KAYEMPULTD,MASWIDRILLINGCOLTD,QSEMLTD,LUKESAMARASLTD,QSEMLTD,HANS,RISHED,MKUYU,SHULE,KONOIKE,MAGADINIMAKIWARUWATER,TANESCO,KIJIJI,MWELIAESTATE,VICKFIS,MTIBWAS,VODACOM,GREINAKER,MAKONDEWATERSUPPLY,ZAOWATERSPRING,SHANTA,RAILWAY,ABOOD,VIFIFI,VICFISH,INVESTOR,GAMEFRONTI,GREINEKER,MAKONDAKONDEWATERPOPULATION,ECOLODGE,TRC,LG,STABEX,PORILAAKIBAKIGOSI,TANGACEMENT,RESOLUTEMININGGOLDENPRIDE,MAKANYASISALESTATE,CARMATECH,AFRICAONELTD,SEGERAESTATE,MERUCONCRETE,NAMUNGOMINERS,CAMARTEC,PWC,KWAMDULUESTATE,HOLILIWATERSUPPLY,KENYANSCOMPANY,CES,WEDECO,LAWATEFUKAWATERSUP,CONSULTINGENGINEER,LOSAAKIAWATERSUPP,WANAN,LOCALTE,LOCALTECHNICIAN,JANDUPLUMBERCO,SHYBUILDERS,VTECOS,LOCALCONTRACT,CJEJOWCONSTRUCTION,LOCALTECHNICIAN,JUINCO,INDIVIDUALS,KOROGWEWATERWORKS,KYASHAENTERPR,NYAKILANGANICO,HYDROTEC,CONSUTINGENGINEER,KIMKIMCONSTRUCTION,NAISHUCONSTRUCTIONCOLTD,REGIONALWATER,SAXON,SIALTD,PETCORPORATIONLTD,KILIFLORA,NANDRACONSTRUCTION,GOLDSTAR,MASWICOMPANY,KILLFLORACOMMUNITY,CONSULTANT,COSMOSENGINEERING,CONSULTANTENGINEER,ATIGHBUILDINGS,CHINAHENANCONTRACTOR,MASWI,GWASECO,SINGIDAGENERALSUPPLIESLTD,AMPCONTRACTOR,ACTIVETANKCO,KALAGOENTERPRISESCOLTD,DRMATOMOLA,KILWACOMPANY,PITCOOPERATIONLTD,KILLFLORACOMMUNITY,COSMOSENGLTD,MACKDONALDCONTRACTOR,MLAKICO,SEMACOLTD,LVALTD,SIMBACO,BARIC,LAWATEFUKAWATERSU,SAXONBUILDINGCONTRACTOR,MANYARACONSTRUCTION,WANJODA,MIDA,AMPCONTRACTS,WEDECOWESSONS,NANRACONTRACTOR,YUMBAKAENGINEERING,AMPCONTRACT,MDALACONTRACTOR,CLAUSEWORKERS,VICTORIADRILLCO,MASWIDRILL,WANAN,OBC,CONSULTANTANDDWE,VICTORIACOMPANY,MAKAMACONSTRUCTION,MGM,ATLASCOMPANY,MOMBOURBANWATERS,GIDACONTRACTOR,GOLDSTAR,HOWARDANDHUMFREYCONSULTANT,RUANGWACONTRACTOR,WASSOCOMPANIES,MAJITECHCONSTRUCTION,LOCALTECHNICALTEC,JLHCOLTD,UMOJADRILLING,MAGADINIMAKIWARUWA,JUIN,DRMATOBOLA,LOSAKIAWATERSUPPL,AMBONIPLANTATION,MAJITECH,HALMASHAURIYAMBURU,MCHOME,KOBERGCONTRACTOR,GACHUMAGINERY,NYAKILANGANICONSTRUCTION,WASSOCONTRACTORS,MASWIDRILLING,MAZIINVESTMENT,BUILDINGWORKSCOMPANYLTD,MAKEENGINEERING,FURAHIATRADING,DRMATOBOLA,INVES,VICTORIADRILL,KYASHAENTREPR,MOMBOURBANWATER,CJEJOW,LINDALACO,LOCALLTECHNICIAN,MWAKICONTRACTOR,AQUARMANDRILLERS,NYAKILANGANI,MBULICO,UMOJADRILLINGCONSTRUCTION,YELLLTD,WEDEKO,KARUMBABUILDINGCOMPANYLTD,VICKFI,INDIVIDUAL,WINNINSPIRITCO,SHIP,RESOLUTE,HANJALT,ILOLANGULUWATERSUPPLY,INDIVIDUAL,UNIVERSALCONSTRUCTION,AQAL,JHLCOLTD,DDCACO,VIENCONSTRUCTION,WINNINSPIRITCOLTD,TAIPO,MKONCONSTRUCTION,MWAKICONTRACTO,SAFERESCUELTD,RURALDRINKUNGWATERSUPPLY,GEORGEMTOTOCOMPANY,ALTAICOLTD,KILIWATERR,BUILDINGWORKSENGINEERINGLTD,MKONGOCONSTRUCTION,UMOJADRILLINGCONTRUCTO,MSUKWACONSTRUCTIONCOMPANY,AQWAMANDRILLING,REGWACOMPANY,EMANDABUILDERS,MKONGCONSTRUCTION,PRIVAT,UMOJADRILLINGCONTRACTOR,VILLAGELOCALCONTRACTOR,MKONGOBUILDINGCONTRACTOR,SAXONBUILDINGCONTRACTORS,MASUCOMPANY,MACKDONALDCONTRSCTOR,GLOBALRESOURCECO,WINAMCONSTRUCTION,PRIVATECOMPANY,REGWACOMPANY,ARDHIANDPETCOMPANIES,SHIPOCONSTRUCTORS,HUMFREYSCO,HOWARDHUMFREYS,MORNINGCONSTRUCTION,PETCOPORATIONLTD,MASWIDRILLINGCOLTD,MREMICONTRACTOR,LINDICONTRACTOR,WINAMCONSTRUCTION,WINAMUCO,GACHUMACONSTRUCTION,KARUMBABIULDINGCOMPANYLTD,KWASENENGEGROUP,SEMACONSULTANT,MACKDONALDCOLTD,GLOBALRESOURCECONSTRUCTION,MANDIACONSTRUCTION,PRIVATETECHNICIAN,WANANCHITECHNICIANS,CFBUILDERS,PRIVATEINDIVIDUALS,SPARDRILLING,JOHNKIMINDACO,KARUMBABIULDINGCONTRACTOR,HOWARDANDHUMFREYCONSULTANTS,KILANGANICO,WINAMCO
ROMANCATHOLIC,KKKT,RCCHURCH,DMDD,KKKTMAKWALE,ANGLICANCHURCH,KKKTCHURCH,ISLAMICFOUND,CHURC,RCCHURC,ROMANCATHORICSAME,MISSIONARIES,RCCHURCECEFA,ISLAMIC,FATHERBONIFASI,AFRICANMUSLIMAGENCY,ROMANCATHORICSAME,ROMANCATHOLICRULENGEDIOCESE,ROMANCHURCH,MOSQUE,RCCHURCHCENTR,LUTHERANCHURCH,GERMANYMISIONARY,MUSLIMS,KKKTDIOCESYAPARE,MOROVIANCHURCH,ROMANCATHORICKILOMENI,BAPTISTCHURCH,ISLAM,WORLDVISIONKKKT,MOSLEMFOUNDATION,CHURCH,FREEPENTECOSTECHURCHOFTANZ,RCCATHORIC,RCMISSION,TAGCHURCH,MUSILIMAGENCY,ROMANCA,FPCTCHURCH,ROMAN,RCCH,AICT,WVT,CARITAS,KANISAKATOLIKILOLOVONI,KIUMA,HWRC,KANISALAMENONITE,RCCHURCHCEFA,SDA,KANISA,ANGRIKANA,WORLDVISIONRCCHURCH,FULLGOSPELCHURCH,KANISAKATOLIKI,RCMISSION,CHRISTIANOUTRICH,FREEPENTECOSTECHURCHOFTANZ,LOLIONDOPARISH,MISSIONARY,PENTECOSTACHURCH,ABASIA,KKKTLEGURUKI,KKKTNDRUMANGENI,KKKTDME,KKKTCANAL,KKKTUSA,KKKTMAREU,KKKTDME,CHRISTANOUTRICH,NAZALETCHURCH,CEFARCCHURCH,GILCAFECHURCH,HAIDOMULUTHERANCHURCH,JUSARANGCHURCHANDBUGANGO,ROMANCATHORICCHURCH,TAGCHURCHUB,AICCHURCH,BUKWANGCHURCHSAINTS,AGTCHURCH,CHURCHOFDISCIPLES,PENTECOSTALCHURCH,BUKWANGCHURCHSAINT,EUNGAMMETHODISTCHURCH,SDACHURCH,METHODISTCHURCH,NAZARETHCHURCH,STMAGRETHCHURCH,PAGCHURCH,BATISTCHURCH,DWEANGLICANCHURCH,EUNGAMMETHODISTCHURCH,ISLAMICAGENCYTANZANIA,ARABSCOMMUNITY,SHEARMUSLIM,FATHERW,THEISLAMIC,SISTERFRANCIS,MORAVIAN,MOROVIAN,DIOCESEOFGEITA,DMKANGLICAN,SITERFRANSIS,GERMANMISSIONARY,HERIMISSION,CGRC,GERMANYCRISTIANS,UNICEFAFRICANMUSLIMAGENCY,RCDWE,STELIZABETHMAJENGO,NEEMIAMISSION,MISSIO,DIOCE,ROMANCATHORIC,ROMAMCATHOLIC,TCRSCARE,TCRSCARE,CIPROCARETCRS,CIPROCARE,ISLAMICCOMMUNITY,ISLAMICSOCIETY,MUSLIMUSOCIETYSHIA,ANSWEERMUSLIMGROU,KOMEPARISH,PENTECOSTASEELA,MUISLAM,CRISTANOUTRICH,MUSLIMEHEFENINTERNATIONAL,WAMISIONARIWAKIKATORIKI,GERMANYMISSIONARY,CATHORIC,MUSLIMWORLD,RCMSUFI,PENTEKOSTE,MUSLIMSOCIETY,NYABIBUYEISLAMICCENTER,PENTECOST,SISTERMAKULATA,MORROVIAN,RCMISSI,RCNJORO,CALTASTANZANIA,KALEBEJOPARISH,PENTECOSTALHAGANASWEEDEN,GRAILMISSIONKISEKIBAR,PENTECOSTAL,ARABCOMMUNITY,MOSQURE,RCMISSIONARY,DIOCESEOFMOUNTKILIMANJARO,KILIMARONDOPARISH,RCMOFU,BRUDER,MSIKITI,ELCT,AIC,STPH,LUTHERAN,CPPS,FLORESTA,IREVEASISTER,HYDOMLUTHELANI,AGAPECHURC,FOSECU,TCRSKIBONDO,TCRST,ARABI,KANISALATAG,RCMI,USAMBALASISTER,KANISANI,KANISALAMITUME,STGASPER,CPPSMISSION,WAMISSIONARIWAKIKATORIKI,KANISALANEEMA,KKKTKONDEANDDWE,ANGLI,RC,KKT,FATHE,NDANDAMISSIONS,RCCHURCHCENTRALGOVER,RCC,TAG,CARTAS,ANGLI,KKTC,MASJID,LUTHE,KK,KMT,AFRICAISLAMICAGENCYTANZANIA,AFRICANMUSLIMSAGE,MSIKI,RC,TAGPATMOS,CALVARYCONNECTION,RCCHURCHBROTHER,ANGLICANUGANDA,KKKTKATITIJUU,ROMAM,ANGLIKAN,RCCHURCH,RCMIS,ANGLICACHURCH,PENTECOSTA,PUMPENTECOSTALSWEEDEN,MASJIDTAKUAR,PENTECOSTCHURCH,AFRICAMUSLIM,GERMANMISSIONSRY,KKKTKILINGA,ANGLICANUGANDA,ANGLIKANACHURCH
DANIDA,GERMANYREPUBLI,NETHERLANDS,NORAD,JICA,JAICA,NETHALAN,SWEDISH,GERMANY,CHINAGOVERNMENTDWENORAD,TZJAPAN,EUROPEANUNION,DADS,HOLLAND,SWISSIF,JIKA,NETHE,DADIS,NORADKIDEP,THEPEOPLEOFJAPAN,FINLANDGOVERNMENT,ACOGERMANY,USEMBASSY,FINLAND,JEICA,ACOGERMANY,CANADA,BELGIANGOVERNMENT,PEOPLEOFJAPAN,WORLDBANK,BRITISHCOLONIALGOVERNMENT,FRANCE,GAICA,USA,GREEC,SWEDEN,JAPNEMBASSY,COLONIALGOVERNMENT,JAPANAID,ITALYGOVERNMENT,USAEMBASSY,CHINAGOVERNMENT,WATUWAUJERUMANI,NORADGOVERNMENT,UN,THEPEOPLEOFJAPAN,EUACRA,UBALOZIWAMAREKANI,FRANC,COMUNEDIROMA,JAPANFOOD,NETHERLAND,KOREA,JAPANEMBASSY,DANIDAGOVERNMENT,WORLDBANKGOVERNMENT,UNHCRGOVERNMENT,NORADGOVERNMENT,JAPANGOVERNMENT,IRISHGOVERNMENT,EGYPTGOVERNMENT,IRANGOVER,ITALY,BRITISHTANZA,PEOPLEFROMJAPAN,NORADTASSAFII,NIGER,MORAD,SWEEDEN,DQNIDA,HOLAND,NORADTASSAF,FOREIGNE,WATUWAMAREKANI,ITALIAN,NATHERLAND,UBALOZIWAJAPANI,JAPANFOODAIDCOUNTERPART,EMBASYOFJAPANINTANZANIA,PEOPLEFROMEGYPT,DAIDA,NERTHLANDS,NORADRUDEP,NORADJAPAN,NETHERLA,PEOPLEOFSWEDEN,CANADAAID,UNHCRDANIDA,DANID,DANID,DA,EGYPTTECHNICALCOOPERATION,EU,IRISHAI,FRIENDFROMUN,JAPAN,GROBALRESOURCEALLIANCE,JAPANFOODAID,DDCA,WOULDBANK,BELGIAMGOVERNMENT,NORAD,CHINA,JAICACO,AUSTRALIA,BELGIJ,ITALI,DENISH,IRANGOVERN,NIRAD,WORDBANK,BRITAIN,BRITISHGOVERNMENT,WORLDNK,CHINESE,WIZRAYAMAJINAEGYPT,HILFEFURBRUDER,DANIDS,DANNIDA,ITALIANGOVERNMENT,GERMAN,WORDBANK,TANZEGYPTTECHNICALCOOPERA,WORDLBANK
SECONDARYSCHOO,KWANGNAMMIDDLESCHOOL,SCHOO,LOLIONDOSECONDARY,MBOZISECONDARYSCHOOL,PRINCEMEDIUMSCHOOL,KIBAHAINDEPENDENTSCHOOL,EASTMERUMEDIUMSCHOOL,OVERLANDHIGHSCHOOL,LUCHELEGUPRIMARYSCHOOL,SCHOOLADM9NSTRARION,TINGATINGASECSCHOOL,POLANDSECSCHOOL,MANYOTAPRIMARYSCHOOL,SPCPREPRIMARYSCHOOL,UPENDOPRIMARYSCHOOL,MWLNYERERESECSCHOOL,SHULEYASEKONDARIIPULI,SHULEYAMSINGI,SHULEYAMSINGIUFALA,KAGUNGULISECONDARY,SCHOLASTICAPANKRASI,SEKONDARI,ORPHANAGE,ZINGIBALISECONDARY,SECONDARYSCHOOL
CHARITY,GOV,LOCAL_GOV,PRIVATE,RELIGIOUS,FOREIGN,SCHOOL
WORLDVISION,UNICEF,OXFAM,OXFARM,FINIWATER,WATERAID,AMREF,MISSION,ADRA,MAGADINIMAKIWARUWATER,OIKOSEAFRIKA,UNICE,CONCERNWORLDWIDE,CONCERN,FINWATER,WATERAIDSEMA,PLANINTERNATIONAL,COCEN,REDCROSS,FINNWATER,OIKOSEAFRICAEUROPEANUNION,ICS,THEDESKANDCHAIRFOUNDAT,HAPPYWATOTOFOUNDATION,FINWATER,COCERN,SAVETHERAINUSA,WATERAIDSEMA,CAREINTERNATIONAL,PLANINTERNATIO,WWF,ROTARYCLUB,OXFAMGB,WATERPROJECTMBAWALACHINI,LIVINGWATERINTERNATIONAL,UNICEFCENTRAL,DESKANDCHAIRFOUNDATION,WOMENFORPARTNERSHIP,ACTIONAID,AFRICARE,AFRICANDEVELOPMENTFOUNDATION,UNICEFCSP,WATEAIDSEMA,CONCERNGOVERN,OIKOSEAFRICAEUROPEANUNION,COCEN,CONCERNGOVERNM,TASAF,TCRS,HIFAB,FINW,ISF,DED,PLANINT,UNHCR,SNV,MISSI,CMSR,CDTF,CONCE,MARAFIP,CEFA,TWESA,WFP,USAIDWFP,WFPTNT,WFPUSAIDTNT,WFPUSAID,WFPTNTUSAID,WFP,DEVONAIDKOROGWE,ACRA,SHAWASA,CAFOD,TDFT,ILO,ICS,THEDESKANDCHAIRFOUNDAT,WORLDVISIONADRA,SAVETHERAINUSA,UNDPILO,IL,IWASH,MILENIAMPROJECT,TOTALLANDCARE,CEFANJOMBE,KILLFLORA,MSF,PEACECOPE,DRDPNGO,IDYDC,TAHEA,LIVIN,AFRICANRELIE,MSFTACARE,UNDPAICT,SECONDARY,LIFETIME,MILLENIUM,TASAFU,TASAFDMDD,CHAMAVITA,DESKANDCHAIRFOUNDATION,KADRESNGO,ACTIONCONTRELAFAIM,KINGUPIRAS,MILENIA,LOTTERYCLUB,ROTARYCLUBOFUSAANDMOSHI,SUMMITFORWATER,NGOS,JESHILAWOKOVU,TOTALLANDCARE,CONCEN,DWEBAMBOOPROJEC,UHAIWAMAMANAMTOTO,MAVUNONGO,AFRICAN,NO,WORLDVISIONKKKT,HOSPITAL,ROTARYI,BINGOFOUNDATION,QUICKWINPROJECT,QUICKWI,QUWKWIN,QUICK,QWICKWIN,QUICK,QUICKWINGS,QUICKWINS,QUIK,QUICKWINPROJECTCOUNCIL,OIKOS,LVIA,TWE,DW,ADP,MAGOMAADP,ADPMOMBO,KADP,DADP,OXFARMGB,OX,KINDOROKOWATERPROJECT,RILAYOWATERPROJECT,AFRICAPROJECTEVGERMANY,KAMATAPROJECT,KIBARAFOUNDATION,KUJIFOUNDATION,FRIENDSOFKIBARAFOUNDATION,KOMBEFOUNDATION,BINGOFOUNDATIONGERMANY,AFRICANREFLECTIONSFOUNDATION,NGO,ROTARYCLUBAUSTRALIA,LOTARYCLUB,ROTARYCLUBOFCHICOANDMOSHI,ROTARYCLUBKITCHENER,ROTATYCLUB,LIONSCLUB,LIONSCLUBKILIMANJARO,UNWFP,TLCJOHNMAJALA,BREADFORTHEWOR,UNICEFCSPD,KDRDPNGO,LIONS,CARTASTANZANIA,USAID,ASDP,TUMAINIFUND,BRIDGENORTH,ROTERYC,QUICKWINS,ACTIONINA,LOTTERY,FRIEDKINCONSERVATIONFUND,CAREINT,REDCROSS,AFRICANREALIEFCOMMITTEOFKU,AFRICA2000NETWORK,ACORDNGO,THEISLA,TACARE,ISFTACARE,TINAAFRICARE,TOTOLANDCARE,CAREDWE,TOTALANDCARE,VIFAFI,ENGINEERSWITHOUTBORDER,QUICKWIN,QWCKWIN,UNICET,GOLDWILLFOUNDATION,LOTARYINTERNATIONAL,ROTARY,QUICKLW,WATERAIDDWE,UNISEG,COMPASIONINTERNATIONAL,TKC,TQUICKWINGS,HESAWAANDCONCERNWORLDWIDE,WWFFORES,OIKOSEAFRICAEUROPEANUNION,QWICKWIN,TLCJENUSMALECHA,UNICEG,WORLDVISION,TLCEMMANUELKASOGA,ONEDESKONECHAIR,UNICRF,WOMENFOPARTNERSHIP,AFRIICANRELI,HEARTSHELPINGHANDSINC,QWEKWIN,BREADOFTHEWORL,INTERNATIONALAIDSERVICES,UNICECSPD,SHIRIKALAKINAMAMANAWATOT,LIONSC,TADEPA,SEMA,UDCSEMA,WATERSEMA,SEMAS,SEMAKIK,GIZ,TLC,PARTAGE,CSPD,ILCT,EFG,ERETO,MSABI,SNVSWASH,SWASH,DARALBER,PRF,LWI,IDEA,NADO,PCI,TRACHOMA,CALTAS,TCRSTLC,ADAP,FARMAFRICA,SIMAVI,UNESCO,ENGIN,AWF,ACORD,ADPBUNGU,ENO,AFRICAAMINIALAMA,IRC,AFRICA2000NETWORKUNDP,ADPW,AFRICAN2000NETWORK,LGAANDADB,TOTOLAND,QUICKWINHALMASHAURI,TANEDAPSSOCIETY,HAPASINGIDA,UNHABITAT,AMREFE,GURDIANS,CHMAVITA,RAMSAR,FREDKEDCONSERVATION,WCST,LIONCLU,RUDRI,WSDO,SIPDO,KIKUNDICHAAKINAMAMA,TLCSORRI,FARMAFRICA,BUSOGATRUST,TLCTHIMOTHEOMASUNGA,KARADEANGO,AQUABLUESANGELS,QUICKWINSSCHEME,TLCSELEMANMANGOMBE,AFDP,FW,WORLD,WATERAID,UNISEF,OIKOSEAFRICA,WATERAID,CBHCC,WFPUSAID,TPPTRUSTMOSHI,ADPBUSANGI,MVIWA,WORLDVISSION,HAPA,WATERAID,TLTC,REDESO,CONCERNGOVERNMENT,SAVETHERAIN,MILENIAM,SUMMITFORWATERCOMMUNITY,OIKOSEAFRICA,TWESACOMMUNITY,WATERAIDSEMA,TRUST,DESKC,AFRICA,HIAP,PEOPLEP,TCRSTLC,OIKOSEAFRICA,MILENIUM,EFARM,LIONS,AFRICA,TCRSTWESA,TCRSTWESA,WWF,QUKWIN,AGRICAN,FINWATE,TWESAJAMII,TCRSA,CARECIPRO,COMPASIONINTERNATIO,LIONSCLUB,WORLDVISIIN,TCRSTASSAF,WATERAIDS,TCRSDWE,ICFTWESA,TLCSAMORA,LIONSCLUB,WATERAIDMAJITECH,AFRICAONE,NGOS
GOVERNMENTOFTANZANIA,RWSSP,MINISTRYOFWATER,LGA,DWSP,RURALWATERSUPPLYANDSANITAT,WSDP,TANZA,KUWAIT,FINIDAGERMANTANZANIAGOVT,DWSSP,CIPROGOVERNMENT,WATERBOARD,TANZANIA,ISFGOVERNMENT,RWSP,GOVERNMENTCOMMUNITY,FINIDAGERMANTANZANIAGOVT,GOVERNMENTWORLDBANK,MEMBEROFPARLIAMENT,GOVERNMENTTASSAF,RWSSSP,TASSAFDANIDA,RWSSPWSDP,MINISTRYOFEDUCATION,RSSP,KOICAANDTANZANIAGOVERNMENT,MINISTRYOFWATER,DHV,WATER,RUDEP,WB,TASSAF,UNDP,GTZ,PADEP,NATIONALRURAL,IDARAYAMAJI,DWENORAD,SERIKALI,DHVNORP,IFAD,TANZAKESHO,DHVMORO,RURALWATERSUPPLYANDSANITA,NATIONALRURALANDHFA,DHVGOVE,BFFS,TASSAFII,PARASTATAL,MINISTRYOFEDUCATION,WRSSP,TCRSGOVERNMENT,DOMESTICRURALDEVELOPMENTPRO,RURALDRINKINGWATERSUPPLY,KAEMP,TASAFANDLGA,TASAFII,TASAE,TAASAF,ISFTASAFF,TASAFANDLGA,TASAFANDMMEM,TASAF1,TASAFTLC,TASA,RURALWATERDEPARTMENT,WATERSECTORDEVELOPMENT,WATERDEPARTMENT,DOMESTICWATERSUPPLYPROJECT,DISTRICTRURALPROJECT,VGOVERNMENT,GOVERNMENTSDA,MISRIGOVERNMENT,GOVERNMENTANDCOMMUNITY,GOVERNMENTTASSAF,GOVERNMENTTCRS,GOVERNMENTWORLDVISION,GOVERNMENT,HANDENITRUNKMAIN,DOMESTICRURALDEVELOPMENTPR,MINISTRYOFAGRICULTURA,MINISTRYOFHEALTHY,RWSSPSHINYANGA,GOVERNMENTOFMISRI,TASSAFI,OVERNMENT,RUDEPNORAD,RUDEPDWE,TASF,DEDRWSSP,DWERUDEP,HEALTHMINISTRY,GO,DH,RIDEP,TREDEP,KIRDEP,TRIDEP,KIDEP,REDEP,PADEPMIFUGO,DASIP,PIDP,ASB,UKILIGU,RDC,IMF,SAOH,BENGUKA,DASP,HEALT,MEM,CBHI,NSC,DDP,HESAWZ,DBSPE,TANAPA,TANAP,PMO,SIMMORS,WIZARA,DODDEA,TIRDO,RURALWATERSUPPLY,DASSIP,SSWP,TANROAD,TPP,WAJERUMANI,TASEF,TANZANIAEGYPT,TREEDAP,PRODAP,NATIONALPARK,AFYADEPARTMENTLINDIRURAL,CHAMACHAUSHIRIKA,WDSP,TANLOAD,HESSWA,HESAWZA,HEWAWA,HEWASA,ISFGVT,HESAWWA,DRWSSP,TANZANIAEGYPTTECHNICALCOOP,DAGIDA,HESAWA,HE,RWE,CENTRALGOVERNMENT,GOVER,GOVE,DISTRI,CENTR,MWE,CENTRALGOVT,GOVER,CENTRALGOVERNMENT,REGIONWATERDEPARTMENT,RWEDWE,MWE,WIZARAYAMAJI,TANZANIAGOVERNMENT,KIDP,GOVERN,TAWASA,TANPLANTLTD,GEOTAN,NORA,CENTRALGOVERNMENT,TANZ,UKILIG,RWECOMMUNITY,CENTRALGOVERNMENT,RW,CANADANATANZANIA,RUDEP,MINISTRYOFWATERENGINEER,RWECOMMUNITY,RUDE,RWECOMMUNITY,ADRAGOVERNMENT,CENTALGOVERNMENT,TASAF,WE,CEBTRALGOVERNMENT,UNONE,KOICA,TANZANIANGOVERNMENT,TASSAFTCRS,PLANTANZANIA,GOVERM,WORLDBANKS,GOVERNME,RWECOMMUNITY,SELIKALI,WORLDDIVISION,REDAP,CIPRO,GOVERNME,TANCRO,TAIPO,RWETCRS,NOSHAD,HANDENITRUNKMAIN,MPANGOWAMWISA,CENTRAGOVERNMENT,HEESAW,GOVERNMEN,HESAW,TASAFANDCOMUNITY,DWETASSAF,HESAWS,CETRALGOVERNMENTRC,CENTRAGOVT
DISTRICTCOUNCIL,MKINGADISTRICCOUN,MKINGADISTRICCOU,KIBAHATOWNCOUNCIL,VILLAGEGOVERNMENT,SONGEADISTRICTCOUNCIL,SONGEAMUNICIPALCOUNCI,WUA,VILLAGERS,VILLAGECOUNCIL,COMMUNITY,MUWSA,HALMASHAURIYAWILAYASIKONGE,HSW,VWC,NCAA,MKINGADISTRICCOU,LOSAAKIAWATERSUPPLY,COMMU,KILINDIDISTRICTCO,TABORAMUNICIPALCOUNCIL,KUWASA,MBIUWASA,WATERUSERAS,TUWASA,HALMASHAURI,VILLAGE,KILWATER,VILLAGECOMMUNITY,SEKEIVILLAGECOMMUNITY,SINGIDAYETU,SOWASA,MAKONDEWATERPOPULATION,SUMBAWANGAMUNICI,BAHEWASA,OLGILAIVILLAGECOMMUNITY,VILLAGECOUNCILHAYDOMLUTHER,HALMASHAURIYAMANISPATABORA,LGCDG,LOWASA,KINAPA,AUWASA,SUWASA,MZINGAA,SERIKALIYAKIJIJI,REGIONALWATERENGINEERARUSHA,WATERUSERGROUP,IKELAWA,COUNCIL,SENGEREMADISTRICTCOUNCIL,MTUWASA,MAMLAKAYAMAJINGARA,HALMASHAUR,MBOZIDISTRICTCOUNCIL,VILLAGEGOVT,SAUWASA,KYELACOUNCIL,DUWAS,SANGEADISTRICTCOUNCIL,MUNICIPALCOUNCIL,MHEZADISTRICCOUNC,ILKERIVILLAGE,KIGOMAMUNICIPAL,MWANGATOWNWATERAUTHORITY,LOCAL,VILLA,MTUWASAANDCOMMUNITY,NGIRESIVILLAGECOMMUNITY,LIUWASSA,NDUKUVILLAGE,OLDADAIVILLAGECOMMUNITY,HALMASHAURIYAWILAYA,MDRDP,NDRDP,GOVERNMENTSCHOOL,MUWASA,DAWASA,SUASA,VILLAGEWATERCOMMISSION,KIGOMAMUNICIPALCOUNCIL,VILLEGECOUNCIL,VILLAGECOUNCILROSEKAWALA,WBDISTRICTCOUNCIL,CDTFDISTRICTCOUNCIL,VILLAGEFUND,HALMASHAULI,SOLARVILLA,GESAWA,VILLAERS,COMUNITYCONSTRUCTIONFUND,VILLAGECONTRIBUTIO,DARESSALAAMROUNDTABLE,MARUMBOCOMMUNITY,VILLAGECOMMUNI,GRANAHALMASHAURI,KITIANGAREVILLAGECOMMUNITY,HALMASHAURIWIL,VILLAGEOFFICE,SUBVILLAGE,TCRSVILLAGECOMMUNITY,VILLAGERES,VILLAGERSMPI,VILLEGERS,VILLAGES,VILLLAGECONTRIBUTI,ILWILOCOMMUNITY,KWADITRIKICHO,TLCCOMMUNITY,HALIMASHAULI,OKUTUVILLAGECOMMUNITY,BULUGASUBVILLAGECOMMUNITY,NYAMINGUSUBVILLAGE,IGOLOLACOMMUNITY,TOWNCOUNCIL,COMMUNITYBANK,OAKZIONANDBUGANGOBCOMMU,SCHOOL,LONGIDOSECSCHOOL,MDC,ISINGIROHO,RUNDUMAN,RUNDUMAN,LVEMP,LGDCG,LGCBG,IFAKARA,LCDG,ARDHIINSTUTE,EDUCATIONFUNDS,MFUKOWAJIMBOLAMAGU,KONDOPRIMARY,MASEKACOMMUNITY,CDFT,LGCGD,MANYOVUAGRICULTUREINSTITUTE,SELIKALIYAKIJIJI,WANAKIJIJI,KWAMZEEWAZIRI,KIJIJ,SENGEREMAWATERDEPARTMENT,MAGADINIMAKIWARUWA,DWE,DISTRICTWATERDEPARTMENT,ADRACOMMUNITY,ADRACOMMUNITY,COMMUNIT,DISTRICTWATERDEPAR,DWE,DISTRICTCOUNCI,VILLAG,VILL,ARDHIWATERWELL,DWE,SANGEADISTRICTCOUN,COUN,VILLAGECOUNCILORPHA,SONGEADISTRICTCOUN,SHUWASA,DADSVILLAGECOMMUNITY,COUNC,DISTRICTCOUNCIL,SERENGETIDISTRICTCONCIL,DEE,VILLAGECOUNIL,HALMASHAURIQUICKWINPROJECT,VILLAGER,MAENDELEOYAJAMII,NDDP,MUNICIPAL,COMUNITY,VILLAGER,VILLAGEWATERCOMMITTEE,MDRD,ESAWA,WATERUSERSGROUP,DISTRICTCOMMUNITYJ,WATERBOARDS,VILLAGECOMMUNITYMEMBERS,LINDIRURALWATERDEPARTMENT,ENGARASEROVILLAGERS,DISTRICWATERDEPARTMENT,VILLAGECOUNCILODA,TABOMACOMMUNITY,VILLI,VILLIGERS,MBULUDISTRICTCOUNCIL,DWEUBALOZIWAMAREKANI,UBALOZIWAMAREKANIDWE,DWETASSAF,DWE
PRIVATEINDIVIDUAL,ADB,PRIVATE,CESGMBH,SHIPO,CESGMBH,AFRICANDEVELOPMENTBANK,BANK,PRIVATEOWNED,WILLIAMSOMDIAMONLTD,IEC,PRIVA,TULAWAKAGOLDMINE,NYAMONGOGOLDMINING,GEITAGOLDMAIN,KILIWATER,WANANCHI,DFID,DONOR,JBG,AAR,BIORE,SONGAS,BGM,SABODO,MWAYAMN,SWISLANDMOUNTMERUFLOWERS,TADO,RESOLUTEMINING,FPCT,BULYAHUNLUGOLDMINE,SNVLTD,WILLIAMSONDIAMONDLTD,HORTANZIA,PROFESSORBENOHIOUNIVERSITY,MEMBEROFPARLIAMENT,SANPELLEGRINO,SIMONLUSAMBI,ROBERTLOYAL,DAWASCO,REGWACOMPANYOFEGYPT,JGB,LAWATEFUKAWATERSUPPLY,SABEMO,LAWATEFUKAWATERSUPP,FRESHWATERPLCENGLAND,RESOLUTEGOLDENPRIDEPROJECT,REGINAGROUP,NGELEPOGROUP,IKEUCHITOWELSJAPAN,FIWATER,SWISLANDMOUNTMERUFLOWERS,TENDEGREEHOTEL,AFRICANBARRICKGOLD,BIOFUELCOMPANY,VICFISHLTD,KIBOBREWARIES,STEPHANOPAULO,STEVENNYANGARIKA,GEOCHAINA,LOSAKIAWATERSUPPLY,SAFARIROYA,MZUNGUPAUL,LAWATEFUKAWATERSUPPL,HOTELSANDLOGGSTZLTD,PRIVATEPERSON,REGWACOMPANYOFEGPTY,JUDGEMCHOME,MMGGOLDMINE,COMPANY,EGYPT,PETERTESHA,PETERNGEREKA,PETERS,PETER,INSTITUTION,LEEKANGPYUNGSFAMILY,WAFIDHIWAZIWAT,JOHNGILETH,PRIVATEINDIVIDUL,MEMBEROFPERLIAMENTAHMEDALI,RICHARDMKYORE,BONITEBOTTLESLTD,ROBERTMOSI,PRIVATECO,OTELOBUSSINESSCOMPANY,PETERMAYIRO,PRIVATEINSTITUTIONS,JOHNSKWESE,OLDNYIKACOMPANY,PAULOSANGE,PROFSALUATI,ROBERTKAMPALA,DASPLTD,HOTELSANDLODGETANZANIA,KAYEMPULTD,MASWIDRILLINGCOLTD,QSEMLTD,LUKESAMARASLTD,QSEMLTD,HANS,RISHED,MKUYU,SHULE,KONOIKE,MAGADINIMAKIWARUWATER,TANESCO,KIJIJI,MWELIAESTATE,VICKFIS,MTIBWAS,VODACOM,GREINAKER,MAKONDEWATERSUPPLY,ZAOWATERSPRING,SHANTA,RAILWAY,ABOOD,VIFIFI,VICFISH,INVESTOR,GAMEFRONTI,GREINEKER,MAKONDAKONDEWATERPOPULATION,ECOLODGE,TRC,LG,STABEX,PORILAAKIBAKIGOSI,TANGACEMENT,RESOLUTEMININGGOLDENPRIDE,MAKANYASISALESTATE,CARMATECH,AFRICAONELTD,SEGERAESTATE,MERUCONCRETE,NAMUNGOMINERS,CAMARTEC,PWC,KWAMDULUESTATE,HOLILIWATERSUPPLY,KENYANSCOMPANY,CES,WEDECO,LAWATEFUKAWATERSUP,CONSULTINGENGINEER,LOSAAKIAWATERSUPP,WANAN,LOCALTE,LOCALTECHNICIAN,JANDUPLUMBERCO,SHYBUILDERS,VTECOS,LOCALCONTRACT,CJEJOWCONSTRUCTION,LOCALTECHNICIAN,JUINCO,INDIVIDUALS,KOROGWEWATERWORKS,KYASHAENTERPR,NYAKILANGANICO,HYDROTEC,CONSUTINGENGINEER,KIMKIMCONSTRUCTION,NAISHUCONSTRUCTIONCOLTD,REGIONALWATER,SAXON,SIALTD,PETCORPORATIONLTD,KILIFLORA,NANDRACONSTRUCTION,GOLDSTAR,MASWICOMPANY,KILLFLORACOMMUNITY,CONSULTANT,COSMOSENGINEERING,CONSULTANTENGINEER,ATIGHBUILDINGS,CHINAHENANCONTRACTOR,MASWI,GWASECO,SINGIDAGENERALSUPPLIESLTD,AMPCONTRACTOR,ACTIVETANKCO,KALAGOENTERPRISESCOLTD,DRMATOMOLA,KILWACOMPANY,PITCOOPERATIONLTD,KILLFLORACOMMUNITY,COSMOSENGLTD,MACKDONALDCONTRACTOR,MLAKICO,SEMACOLTD,LVALTD,SIMBACO,BARIC,LAWATEFUKAWATERSU,SAXONBUILDINGCONTRACTOR,MANYARACONSTRUCTION,WANJODA,MIDA,AMPCONTRACTS,WEDECOWESSONS,NANRACONTRACTOR,YUMBAKAENGINEERING,AMPCONTRACT,MDALACONTRACTOR,CLAUSEWORKERS,VICTORIADRILLCO,MASWIDRILL,WANAN,OBC,CONSULTANTANDDWE,VICTORIACOMPANY,MAKAMACONSTRUCTION,MGM,ATLASCOMPANY,MOMBOURBANWATERS,GIDACONTRACTOR,GOLDSTAR,HOWARDANDHUMFREYCONSULTANT,RUANGWACONTRACTOR,WASSOCOMPANIES,MAJITECHCONSTRUCTION,LOCALTECHNICALTEC,JLHCOLTD,UMOJADRILLING,MAGADINIMAKIWARUWA,JUIN,DRMATOBOLA,LOSAKIAWATERSUPPL,AMBONIPLANTATION,MAJITECH,HALMASHAURIYAMBURU,MCHOME,KOBERGCONTRACTOR,GACHUMAGINERY,NYAKILANGANICONSTRUCTION,WASSOCONTRACTORS,MASWIDRILLING,MAZIINVESTMENT,BUILDINGWORKSCOMPANYLTD,MAKEENGINEERING,FURAHIATRADING,DRMATOBOLA,INVES,VICTORIADRILL,KYASHAENTREPR,MOMBOURBANWATER,CJEJOW,LINDALACO,LOCALLTECHNICIAN,MWAKICONTRACTOR,AQUARMANDRILLERS,NYAKILANGANI,MBULICO,UMOJADRILLINGCONSTRUCTION,YELLLTD,WEDEKO,KARUMBABUILDINGCOMPANYLTD,VICKFI,INDIVIDUAL,WINNINSPIRITCO,SHIP,RESOLUTE,HANJALT,ILOLANGULUWATERSUPPLY,INDIVIDUAL,UNIVERSALCONSTRUCTION,AQAL,JHLCOLTD,DDCACO,VIENCONSTRUCTION,WINNINSPIRITCOLTD,TAIPO,MKONCONSTRUCTION,MWAKICONTRACTO,SAFERESCUELTD,RURALDRINKUNGWATERSUPPLY,GEORGEMTOTOCOMPANY,ALTAICOLTD,KILIWATERR,BUILDINGWORKSENGINEERINGLTD,MKONGOCONSTRUCTION,UMOJADRILLINGCONTRUCTO,MSUKWACONSTRUCTIONCOMPANY,AQWAMANDRILLING,REGWACOMPANY,EMANDABUILDERS,MKONGCONSTRUCTION,PRIVAT,UMOJADRILLINGCONTRACTOR,VILLAGELOCALCONTRACTOR,MKONGOBUILDINGCONTRACTOR,SAXONBUILDINGCONTRACTORS,MASUCOMPANY,MACKDONALDCONTRSCTOR,GLOBALRESOURCECO,WINAMCONSTRUCTION,PRIVATECOMPANY,REGWACOMPANY,ARDHIANDPETCOMPANIES,SHIPOCONSTRUCTORS,HUMFREYSCO,HOWARDHUMFREYS,MORNINGCONSTRUCTION,PETCOPORATIONLTD,MASWIDRILLINGCOLTD,MREMICONTRACTOR,LINDICONTRACTOR,WINAMCONSTRUCTION,WINAMUCO,GACHUMACONSTRUCTION,KARUMBABIULDINGCOMPANYLTD,KWASENENGEGROUP,SEMACONSULTANT,MACKDONALDCOLTD,GLOBALRESOURCECONSTRUCTION,MANDIACONSTRUCTION,PRIVATETECHNICIAN,WANANCHITECHNICIANS,CFBUILDERS,PRIVATEINDIVIDUALS,SPARDRILLING,JOHNKIMINDACO,KARUMBABIULDINGCONTRACTOR,HOWARDANDHUMFREYCONSULTANTS,KILANGANICO,WINAMCO
ROMANCATHOLIC,KKKT,RCCHURCH,DMDD,KKKTMAKWALE,ANGLICANCHURCH,KKKTCHURCH,ISLAMICFOUND,CHURC,RCCHURC,ROMANCATHORICSAME,MISSIONARIES,RCCHURCECEFA,ISLAMIC,FATHERBONIFASI,AFRICANMUSLIMAGENCY,ROMANCATHORICSAME,ROMANCATHOLICRULENGEDIOCESE,ROMANCHURCH,MOSQUE,RCCHURCHCENTR,LUTHERANCHURCH,GERMANYMISIONARY,MUSLIMS,KKKTDIOCESYAPARE,MOROVIANCHURCH,ROMANCATHORICKILOMENI,BAPTISTCHURCH,ISLAM,WORLDVISIONKKKT,MOSLEMFOUNDATION,CHURCH,FREEPENTECOSTECHURCHOFTANZ,RCCATHORIC,RCMISSION,TAGCHURCH,MUSILIMAGENCY,ROMANCA,FPCTCHURCH,ROMAN,RCCH,AICT,WVT,CARITAS,KANISAKATOLIKILOLOVONI,KIUMA,HWRC,KANISALAMENONITE,RCCHURCHCEFA,SDA,KANISA,ANGRIKANA,WORLDVISIONRCCHURCH,FULLGOSPELCHURCH,KANISAKATOLIKI,RCMISSION,CHRISTIANOUTRICH,FREEPENTECOSTECHURCHOFTANZ,LOLIONDOPARISH,MISSIONARY,PENTECOSTACHURCH,ABASIA,KKKTLEGURUKI,KKKTNDRUMANGENI,KKKTDME,KKKTCANAL,KKKTUSA,KKKTMAREU,KKKTDME,CHRISTANOUTRICH,NAZALETCHURCH,CEFARCCHURCH,GILCAFECHURCH,HAIDOMULUTHERANCHURCH,JUSARANGCHURCHANDBUGANGO,ROMANCATHORICCHURCH,TAGCHURCHUB,AICCHURCH,BUKWANGCHURCHSAINTS,AGTCHURCH,CHURCHOFDISCIPLES,PENTECOSTALCHURCH,BUKWANGCHURCHSAINT,EUNGAMMETHODISTCHURCH,SDACHURCH,METHODISTCHURCH,NAZARETHCHURCH,STMAGRETHCHURCH,PAGCHURCH,BATISTCHURCH,DWEANGLICANCHURCH,EUNGAMMETHODISTCHURCH,ISLAMICAGENCYTANZANIA,ARABSCOMMUNITY,SHEARMUSLIM,FATHERW,THEISLAMIC,SISTERFRANCIS,MORAVIAN,MOROVIAN,DIOCESEOFGEITA,DMKANGLICAN,SITERFRANSIS,GERMANMISSIONARY,HERIMISSION,CGRC,GERMANYCRISTIANS,UNICEFAFRICANMUSLIMAGENCY,RCDWE,STELIZABETHMAJENGO,NEEMIAMISSION,MISSIO,DIOCE,ROMANCATHORIC,ROMAMCATHOLIC,TCRSCARE,TCRSCARE,CIPROCARETCRS,CIPROCARE,ISLAMICCOMMUNITY,ISLAMICSOCIETY,MUSLIMUSOCIETYSHIA,ANSWEERMUSLIMGROU,KOMEPARISH,PENTECOSTASEELA,MUISLAM,CRISTANOUTRICH,MUSLIMEHEFENINTERNATIONAL,WAMISIONARIWAKIKATORIKI,GERMANYMISSIONARY,CATHORIC,MUSLIMWORLD,RCMSUFI,PENTEKOSTE,MUSLIMSOCIETY,NYABIBUYEISLAMICCENTER,PENTECOST,SISTERMAKULATA,MORROVIAN,RCMISSI,RCNJORO,CALTASTANZANIA,KALEBEJOPARISH,PENTECOSTALHAGANASWEEDEN,GRAILMISSIONKISEKIBAR,PENTECOSTAL,ARABCOMMUNITY,MOSQURE,RCMISSIONARY,DIOCESEOFMOUNTKILIMANJARO,KILIMARONDOPARISH,RCMOFU,BRUDER,MSIKITI,ELCT,AIC,STPH,LUTHERAN,CPPS,FLORESTA,IREVEASISTER,HYDOMLUTHELANI,AGAPECHURC,FOSECU,TCRSKIBONDO,TCRST,ARABI,KANISALATAG,RCMI,USAMBALASISTER,KANISANI,KANISALAMITUME,STGASPER,CPPSMISSION,WAMISSIONARIWAKIKATORIKI,KANISALANEEMA,KKKTKONDEANDDWE,ANGLI,RC,KKT,FATHE,NDANDAMISSIONS,RCCHURCHCENTRALGOVER,RCC,TAG,CARTAS,ANGLI,KKTC,MASJID,LUTHE,KK,KMT,AFRICAISLAMICAGENCYTANZANIA,AFRICANMUSLIMSAGE,MSIKI,RC,TAGPATMOS,CALVARYCONNECTION,RCCHURCHBROTHER,ANGLICANUGANDA,KKKTKATITIJUU,ROMAM,ANGLIKAN,RCCHURCH,RCMIS,ANGLICACHURCH,PENTECOSTA,PUMPENTECOSTALSWEEDEN,MASJIDTAKUAR,PENTECOSTCHURCH,AFRICAMUSLIM,GERMANMISSIONSRY,KKKTKILINGA,ANGLICANUGANDA,ANGLIKANACHURCH
DANIDA,GERMANYREPUBLI,NETHERLANDS,NORAD,JICA,JAICA,NETHALAN,SWEDISH,GERMANY,CHINAGOVERNMENTDWENORAD,TZJAPAN,EUROPEANUNION,DADS,HOLLAND,SWISSIF,JIKA,NETHE,DADIS,NORADKIDEP,THEPEOPLEOFJAPAN,FINLANDGOVERNMENT,ACOGERMANY,USEMBASSY,FINLAND,JEICA,ACOGERMANY,CANADA,BELGIANGOVERNMENT,PEOPLEOFJAPAN,WORLDBANK,BRITISHCOLONIALGOVERNMENT,FRANCE,GAICA,USA,GREEC,SWEDEN,JAPNEMBASSY,COLONIALGOVERNMENT,JAPANAID,ITALYGOVERNMENT,USAEMBASSY,CHINAGOVERNMENT,WATUWAUJERUMANI,NORADGOVERNMENT,UN,THEPEOPLEOFJAPAN,EUACRA,UBALOZIWAMAREKANI,FRANC,COMUNEDIROMA,JAPANFOOD,NETHERLAND,KOREA,JAPANEMBASSY,DANIDAGOVERNMENT,WORLDBANKGOVERNMENT,UNHCRGOVERNMENT,NORADGOVERNMENT,JAPANGOVERNMENT,IRISHGOVERNMENT,EGYPTGOVERNMENT,IRANGOVER,ITALY,BRITISHTANZA,PEOPLEFROMJAPAN,NORADTASSAFII,NIGER,MORAD,SWEEDEN,DQNIDA,HOLAND,NORADTASSAF,FOREIGNE,WATUWAMAREKANI,ITALIAN,NATHERLAND,UBALOZIWAJAPANI,JAPANFOODAIDCOUNTERPART,EMBASYOFJAPANINTANZANIA,PEOPLEFROMEGYPT,DAIDA,NERTHLANDS,NORADRUDEP,NORADJAPAN,NETHERLA,PEOPLEOFSWEDEN,CANADAAID,UNHCRDANIDA,DANID,DANID,DA,EGYPTTECHNICALCOOPERATION,EU,IRISHAI,FRIENDFROMUN,JAPAN,GROBALRESOURCEALLIANCE,JAPANFOODAID,DDCA,WOULDBANK,BELGIAMGOVERNMENT,NORAD,CHINA,JAICACO,AUSTRALIA,BELGIJ,ITALI,DENISH,IRANGOVERN,NIRAD,WORDBANK,BRITAIN,BRITISHGOVERNMENT,WORLDNK,CHINESE,WIZRAYAMAJINAEGYPT,HILFEFURBRUDER,DANIDS,DANNIDA,ITALIANGOVERNMENT,GERMAN,WORDBANK,TANZEGYPTTECHNICALCOOPERA,WORDLBANK
SECONDARYSCHOO,KWANGNAMMIDDLESCHOOL,SCHOO,LOLIONDOSECONDARY,MBOZISECONDARYSCHOOL,PRINCEMEDIUMSCHOOL,KIBAHAINDEPENDENTSCHOOL,EASTMERUMEDIUMSCHOOL,OVERLANDHIGHSCHOOL,LUCHELEGUPRIMARYSCHOOL,SCHOOLADM9NSTRARION,TINGATINGASECSCHOOL,POLANDSECSCHOOL,MANYOTAPRIMARYSCHOOL,SPCPREPRIMARYSCHOOL,UPENDOPRIMARYSCHOOL,MWLNYERERESECSCHOOL,SHULEYASEKONDARIIPULI,SHULEYAMSINGI,SHULEYAMSINGIUFALA,KAGUNGULISECONDARY,SCHOLASTICAPANKRASI,SEKONDARI,ORPHANAGE,ZINGIBALISECONDARY,SECONDARYSCHOOL
CHARITY,GOV,LOCAL_GOV,PRIVATE,RELIGIOUS,FOREIGN,SCHOOL
WORLDVISION,UNICEF,OXFAM,OXFARM,FINIWATER,WATERAID,AMREF,MISSION,ADRA,MAGADINIMAKIWARUWATER,OIKOSEAFRIKA,UNICE,CONCERNWORLDWIDE,CONCERN,FINWATER,WATERAIDSEMA,PLANINTERNATIONAL,COCEN,REDCROSS,FINNWATER,OIKOSEAFRICAEUROPEANUNION,ICS,THEDESKANDCHAIRFOUNDAT,HAPPYWATOTOFOUNDATION,FINWATER,COCERN,SAVETHERAINUSA,WATERAIDSEMA,CAREINTERNATIONAL,PLANINTERNATIO,WWF,ROTARYCLUB,OXFAMGB,WATERPROJECTMBAWALACHINI,LIVINGWATERINTERNATIONAL,UNICEFCENTRAL,DESKANDCHAIRFOUNDATION,WOMENFORPARTNERSHIP,ACTIONAID,AFRICARE,AFRICANDEVELOPMENTFOUNDATION,UNICEFCSP,WATEAIDSEMA,CONCERNGOVERN,OIKOSEAFRICAEUROPEANUNION,COCEN,CONCERNGOVERNM,TASAF,TCRS,HIFAB,FINW,ISF,DED,PLANINT,UNHCR,SNV,MISSI,CMSR,CDTF,CONCE,MARAFIP,CEFA,TWESA,WFP,USAIDWFP,WFPTNT,WFPUSAIDTNT,WFPUSAID,WFPTNTUSAID,WFP,DEVONAIDKOROGWE,ACRA,SHAWASA,CAFOD,TDFT,ILO,ICS,THEDESKANDCHAIRFOUNDAT,WORLDVISIONADRA,SAVETHERAINUSA,UNDPILO,IL,IWASH,MILENIAMPROJECT,TOTALLANDCARE,CEFANJOMBE,KILLFLORA,MSF,PEACECOPE,DRDPNGO,IDYDC,TAHEA,LIVIN,AFRICANRELIE,MSFTACARE,UNDPAICT,SECONDARY,LIFETIME,MILLENIUM,TASAFU,TASAFDMDD,CHAMAVITA,DESKANDCHAIRFOUNDATION,KADRESNGO,ACTIONCONTRELAFAIM,KINGUPIRAS,MILENIA,LOTTERYCLUB,ROTARYCLUBOFUSAANDMOSHI,SUMMITFORWATER,NGOS,JESHILAWOKOVU,TOTALLANDCARE,CONCEN,DWEBAMBOOPROJEC,UHAIWAMAMANAMTOTO,MAVUNONGO,AFRICAN,NO,WORLDVISIONKKKT,HOSPITAL,ROTARYI,BINGOFOUNDATION,QUICKWINPROJECT,QUICKWI,QUWKWIN,QUICK,QWICKWIN,QUICK,QUICKWINGS,QUICKWINS,QUIK,QUICKWINPROJECTCOUNCIL,OIKOS,LVIA,TWE,DW,ADP,MAGOMAADP,ADPMOMBO,KADP,DADP,OXFARMGB,OX,KINDOROKOWATERPROJECT,RILAYOWATERPROJECT,AFRICAPROJECTEVGERMANY,KAMATAPROJECT,KIBARAFOUNDATION,KUJIFOUNDATION,FRIENDSOFKIBARAFOUNDATION,KOMBEFOUNDATION,BINGOFOUNDATIONGERMANY,AFRICANREFLECTIONSFOUNDATION,NGO,ROTARYCLUBAUSTRALIA,LOTARYCLUB,ROTARYCLUBOFCHICOANDMOSHI,ROTARYCLUBKITCHENER,ROTATYCLUB,LIONSCLUB,LIONSCLUBKILIMANJARO,UNWFP,TLCJOHNMAJALA,BREADFORTHEWOR,UNICEFCSPD,KDRDPNGO,LIONS,CARTASTANZANIA,USAID,ASDP,TUMAINIFUND,BRIDGENORTH,ROTERYC,QUICKWINS,ACTIONINA,LOTTERY,FRIEDKINCONSERVATIONFUND,CAREINT,REDCROSS,AFRICANREALIEFCOMMITTEOFKU,AFRICA2000NETWORK,ACORDNGO,THEISLA,TACARE,ISFTACARE,TINAAFRICARE,TOTOLANDCARE,CAREDWE,TOTALANDCARE,VIFAFI,ENGINEERSWITHOUTBORDER,QUICKWIN,QWCKWIN,UNICET,GOLDWILLFOUNDATION,LOTARYINTERNATIONAL,ROTARY,QUICKLW,WATERAIDDWE,UNISEG,COMPASIONINTERNATIONAL,TKC,TQUICKWINGS,HESAWAANDCONCERNWORLDWIDE,WWFFORES,OIKOSEAFRICAEUROPEANUNION,QWICKWIN,TLCJENUSMALECHA,UNICEG,WORLDVISION,TLCEMMANUELKASOGA,ONEDESKONECHAIR,UNICRF,WOMENFOPARTNERSHIP,AFRIICANRELI,HEARTSHELPINGHANDSINC,QWEKWIN,BREADOFTHEWORL,INTERNATIONALAIDSERVICES,UNICECSPD,SHIRIKALAKINAMAMANAWATOT,LIONSC,TADEPA,SEMA,UDCSEMA,WATERSEMA,SEMAS,SEMAKIK,GIZ,TLC,PARTAGE,CSPD,ILCT,EFG,ERETO,MSABI,SNVSWASH,SWASH,DARALBER,PRF,LWI,IDEA,NADO,PCI,TRACHOMA,CALTAS,TCRSTLC,ADAP,FARMAFRICA,SIMAVI,UNESCO,ENGIN,AWF,ACORD,ADPBUNGU,ENO,AFRICAAMINIALAMA,IRC,AFRICA2000NETWORKUNDP,ADPW,AFRICAN2000NETWORK,LGAANDADB,TOTOLAND,QUICKWINHALMASHAURI,TANEDAPSSOCIETY,HAPASINGIDA,UNHABITAT,AMREFE,GURDIANS,CHMAVITA,RAMSAR,FREDKEDCONSERVATION,WCST,LIONCLU,RUDRI,WSDO,SIPDO,KIKUNDICHAAKINAMAMA,TLCSORRI,FARMAFRICA,BUSOGATRUST,TLCTHIMOTHEOMASUNGA,KARADEANGO,AQUABLUESANGELS,QUICKWINSSCHEME,TLCSELEMANMANGOMBE,AFDP,FW,WORLD,WATERAID,UNISEF,OIKOSEAFRICA,WATERAID,CBHCC,WFPUSAID,TPPTRUSTMOSHI,ADPBUSANGI,MVIWA,WORLDVISSION,HAPA,WATERAID,TLTC,REDESO,CONCERNGOVERNMENT,SAVETHERAIN,MILENIAM,SUMMITFORWATERCOMMUNITY,OIKOSEAFRICA,TWESACOMMUNITY,WATERAIDSEMA,TRUST,DESKC,AFRICA,HIAP,PEOPLEP,TCRSTLC,OIKOSEAFRICA,MILENIUM,EFARM,LIONS,AFRICA,TCRSTWESA,TCRSTWESA,WWF,QUKWIN,AGRICAN,FINWATE,TWESAJAMII,TCRSA,CARECIPRO,COMPASIONINTERNATIO,LIONSCLUB,WORLDVISIIN,TCRSTASSAF,WATERAIDS,TCRSDWE,ICFTWESA,TLCSAMORA,LIONSCLUB,WATERAIDMAJITECH,AFRICAONE,NGOS
GOVERNMENTOFTANZANIA,RWSSP,MINISTRYOFWATER,LGA,DWSP,RURALWATERSUPPLYANDSANITAT,WSDP,TANZA,KUWAIT,FINIDAGERMANTANZANIAGOVT,DWSSP,CIPROGOVERNMENT,WATERBOARD,TANZANIA,ISFGOVERNMENT,RWSP,GOVERNMENTCOMMUNITY,FINIDAGERMANTANZANIAGOVT,GOVERNMENTWORLDBANK,MEMBEROFPARLIAMENT,GOVERNMENTTASSAF,RWSSSP,TASSAFDANIDA,RWSSPWSDP,MINISTRYOFEDUCATION,RSSP,KOICAANDTANZANIAGOVERNMENT,MINISTRYOFWATER,DHV,WATER,RUDEP,WB,TASSAF,UNDP,GTZ,PADEP,NATIONALRURAL,IDARAYAMAJI,DWENORAD,SERIKALI,DHVNORP,IFAD,TANZAKESHO,DHVMORO,RURALWATERSUPPLYANDSANITA,NATIONALRURALANDHFA,DHVGOVE,BFFS,TASSAFII,PARASTATAL,MINISTRYOFEDUCATION,WRSSP,TCRSGOVERNMENT,DOMESTICRURALDEVELOPMENTPRO,RURALDRINKINGWATERSUPPLY,KAEMP,TASAFANDLGA,TASAFII,TASAE,TAASAF,ISFTASAFF,TASAFANDLGA,TASAFANDMMEM,TASAF1,TASAFTLC,TASA,RURALWATERDEPARTMENT,WATERSECTORDEVELOPMENT,WATERDEPARTMENT,DOMESTICWATERSUPPLYPROJECT,DISTRICTRURALPROJECT,VGOVERNMENT,GOVERNMENTSDA,MISRIGOVERNMENT,GOVERNMENTANDCOMMUNITY,GOVERNMENTTASSAF,GOVERNMENTTCRS,GOVERNMENTWORLDVISION,GOVERNMENT,HANDENITRUNKMAIN,DOMESTICRURALDEVELOPMENTPR,MINISTRYOFAGRICULTURA,MINISTRYOFHEALTHY,RWSSPSHINYANGA,GOVERNMENTOFMISRI,TASSAFI,OVERNMENT,RUDEPNORAD,RUDEPDWE,TASF,DEDRWSSP,DWERUDEP,HEALTHMINISTRY,GO,DH,RIDEP,TREDEP,KIRDEP,TRIDEP,KIDEP,REDEP,PADEPMIFUGO,DASIP,PIDP,ASB,UKILIGU,RDC,IMF,SAOH,BENGUKA,DASP,HEALT,MEM,CBHI,NSC,DDP,HESAWZ,DBSPE,TANAPA,TANAP,PMO,SIMMORS,WIZARA,DODDEA,TIRDO,RURALWATERSUPPLY,DASSIP,SSWP,TANROAD,TPP,WAJERUMANI,TASEF,TANZANIAEGYPT,TREEDAP,PRODAP,NATIONALPARK,AFYADEPARTMENTLINDIRURAL,CHAMACHAUSHIRIKA,WDSP,TANLOAD,HESSWA,HESAWZA,HEWAWA,HEWASA,ISFGVT,HESAWWA,DRWSSP,TANZANIAEGYPTTECHNICALCOOP,DAGIDA,HESAWA,HE,RWE,CENTRALGOVERNMENT,GOVER,GOVE,DISTRI,CENTR,MWE,CENTRALGOVT,GOVER,CENTRALGOVERNMENT,REGIONWATERDEPARTMENT,RWEDWE,MWE,WIZARAYAMAJI,TANZANIAGOVERNMENT,KIDP,GOVERN,TAWASA,TANPLANTLTD,GEOTAN,NORA,CENTRALGOVERNMENT,TANZ,UKILIG,RWECOMMUNITY,CENTRALGOVERNMENT,RW,CANADANATANZANIA,RUDEP,MINISTRYOFWATERENGINEER,RWECOMMUNITY,RUDE,RWECOMMUNITY,ADRAGOVERNMENT,CENTALGOVERNMENT,TASAF,WE,CEBTRALGOVERNMENT,UNONE,KOICA,TANZANIANGOVERNMENT,TASSAFTCRS,PLANTANZANIA,GOVERM,WORLDBANKS,GOVERNME,RWECOMMUNITY,SELIKALI,WORLDDIVISION,REDAP,CIPRO,GOVERNME,TANCRO,TAIPO,RWETCRS,NOSHAD,HANDENITRUNKMAIN,MPANGOWAMWISA,CENTRAGOVERNMENT,HEESAW,GOVERNMEN,HESAW,TASAFANDCOMUNITY,DWETASSAF,HESAWS,CETRALGOVERNMENTRC,CENTRAGOVT
DISTRICTCOUNCIL,MKINGADISTRICCOUN,MKINGADISTRICCOU,KIBAHATOWNCOUNCIL,VILLAGEGOVERNMENT,SONGEADISTRICTCOUNCIL,SONGEAMUNICIPALCOUNCI,WUA,VILLAGERS,VILLAGECOUNCIL,COMMUNITY,MUWSA,HALMASHAURIYAWILAYASIKONGE,HSW,VWC,NCAA,MKINGADISTRICCOU,LOSAAKIAWATERSUPPLY,COMMU,KILINDIDISTRICTCO,TABORAMUNICIPALCOUNCIL,KUWASA,MBIUWASA,WATERUSERAS,TUWASA,HALMASHAURI,VILLAGE,KILWATER,VILLAGECOMMUNITY,SEKEIVILLAGECOMMUNITY,SINGIDAYETU,SOWASA,MAKONDEWATERPOPULATION,SUMBAWANGAMUNICI,BAHEWASA,OLGILAIVILLAGECOMMUNITY,VILLAGECOUNCILHAYDOMLUTHER,HALMASHAURIYAMANISPATABORA,LGCDG,LOWASA,KINAPA,AUWASA,SUWASA,MZINGAA,SERIKALIYAKIJIJI,REGIONALWATERENGINEERARUSHA,WATERUSERGROUP,IKELAWA,COUNCIL,SENGEREMADISTRICTCOUNCIL,MTUWASA,MAMLAKAYAMAJINGARA,HALMASHAUR,MBOZIDISTRICTCOUNCIL,VILLAGEGOVT,SAUWASA,KYELACOUNCIL,DUWAS,SANGEADISTRICTCOUNCIL,MUNICIPALCOUNCIL,MHEZADISTRICCOUNC,ILKERIVILLAGE,KIGOMAMUNICIPAL,MWANGATOWNWATERAUTHORITY,LOCAL,VILLA,MTUWASAANDCOMMUNITY,NGIRESIVILLAGECOMMUNITY,LIUWASSA,NDUKUVILLAGE,OLDADAIVILLAGECOMMUNITY,HALMASHAURIYAWILAYA,MDRDP,NDRDP,GOVERNMENTSCHOOL,MUWASA,DAWASA,SUASA,VILLAGEWATERCOMMISSION,KIGOMAMUNICIPALCOUNCIL,VILLEGECOUNCIL,VILLAGECOUNCILROSEKAWALA,WBDISTRICTCOUNCIL,CDTFDISTRICTCOUNCIL,VILLAGEFUND,HALMASHAULI,SOLARVILLA,GESAWA,VILLAERS,COMUNITYCONSTRUCTIONFUND,VILLAGECONTRIBUTIO,DARESSALAAMROUNDTABLE,MARUMBOCOMMUNITY,VILLAGECOMMUNI,GRANAHALMASHAURI,KITIANGAREVILLAGECOMMUNITY,HALMASHAURIWIL,VILLAGEOFFICE,SUBVILLAGE,TCRSVILLAGECOMMUNITY,VILLAGERES,VILLAGERSMPI,VILLEGERS,VILLAGES,VILLLAGECONTRIBUTI,ILWILOCOMMUNITY,KWADITRIKICHO,TLCCOMMUNITY,HALIMASHAULI,OKUTUVILLAGECOMMUNITY,BULUGASUBVILLAGECOMMUNITY,NYAMINGUSUBVILLAGE,IGOLOLACOMMUNITY,TOWNCOUNCIL,COMMUNITYBANK,OAKZIONANDBUGANGOBCOMMU,SCHOOL,LONGIDOSECSCHOOL,MDC,ISINGIROHO,RUNDUMAN,RUNDUMAN,LVEMP,LGDCG,LGCBG,IFAKARA,LCDG,ARDHIINSTUTE,EDUCATIONFUNDS,MFUKOWAJIMBOLAMAGU,KONDOPRIMARY,MASEKACOMMUNITY,CDFT,LGCGD,MANYOVUAGRICULTUREINSTITUTE,SELIKALIYAKIJIJI,WANAKIJIJI,KWAMZEEWAZIRI,KIJIJ,SENGEREMAWATERDEPARTMENT,MAGADINIMAKIWARUWA,DWE,DISTRICTWATERDEPARTMENT,ADRACOMMUNITY,ADRACOMMUNITY,COMMUNIT,DISTRICTWATERDEPAR,DWE,DISTRICTCOUNCI,VILLAG,VILL,ARDHIWATERWELL,DWE,SANGEADISTRICTCOUN,COUN,VILLAGECOUNCILORPHA,SONGEADISTRICTCOUN,SHUWASA,DADSVILLAGECOMMUNITY,COUNC,DISTRICTCOUNCIL,SERENGETIDISTRICTCONCIL,DEE,VILLAGECOUNIL,HALMASHAURIQUICKWINPROJECT,VILLAGER,MAENDELEOYAJAMII,NDDP,MUNICIPAL,COMUNITY,VILLAGER,VILLAGEWATERCOMMITTEE,MDRD,ESAWA,WATERUSERSGROUP,DISTRICTCOMMUNITYJ,WATERBOARDS,VILLAGECOMMUNITYMEMBERS,LINDIRURALWATERDEPARTMENT,ENGARASEROVILLAGERS,DISTRICWATERDEPARTMENT,VILLAGECOUNCILODA,TABOMACOMMUNITY,VILLI,VILLIGERS,MBULUDISTRICTCOUNCIL,DWEUBALOZIWAMAREKANI,UBALOZIWAMAREKANIDWE,DWETASSAF,DWE
PRIVATEINDIVIDUAL,ADB,PRIVATE,CESGMBH,SHIPO,CESGMBH,AFRICANDEVELOPMENTBANK,BANK,PRIVATEOWNED,WILLIAMSOMDIAMONLTD,IEC,PRIVA,TULAWAKAGOLDMINE,NYAMONGOGOLDMINING,GEITAGOLDMAIN,KILIWATER,WANANCHI,DFID,DONOR,JBG,AAR,BIORE,SONGAS,BGM,SABODO,MWAYAMN,SWISLANDMOUNTMERUFLOWERS,TADO,RESOLUTEMINING,FPCT,BULYAHUNLUGOLDMINE,SNVLTD,WILLIAMSONDIAMONDLTD,HORTANZIA,PROFESSORBENOHIOUNIVERSITY,MEMBEROFPARLIAMENT,SANPELLEGRINO,SIMONLUSAMBI,ROBERTLOYAL,DAWASCO,REGWACOMPANYOFEGYPT,JGB,LAWATEFUKAWATERSUPPLY,SABEMO,LAWATEFUKAWATERSUPP,FRESHWATERPLCENGLAND,RESOLUTEGOLDENPRIDEPROJECT,REGINAGROUP,NGELEPOGROUP,IKEUCHITOWELSJAPAN,FIWATER,SWISLANDMOUNTMERUFLOWERS,TENDEGREEHOTEL,AFRICANBARRICKGOLD,BIOFUELCOMPANY,VICFISHLTD,KIBOBREWARIES,STEPHANOPAULO,STEVENNYANGARIKA,GEOCHAINA,LOSAKIAWATERSUPPLY,SAFARIROYA,MZUNGUPAUL,LAWATEFUKAWATERSUPPL,HOTELSANDLOGGSTZLTD,PRIVATEPERSON,REGWACOMPANYOFEGPTY,JUDGEMCHOME,MMGGOLDMINE,COMPANY,EGYPT,PETERTESHA,PETERNGEREKA,PETERS,PETER,INSTITUTION,LEEKANGPYUNGSFAMILY,WAFIDHIWAZIWAT,JOHNGILETH,PRIVATEINDIVIDUL,MEMBEROFPERLIAMENTAHMEDALI,RICHARDMKYORE,BONITEBOTTLESLTD,ROBERTMOSI,PRIVATECO,OTELOBUSSINESSCOMPANY,PETERMAYIRO,PRIVATEINSTITUTIONS,JOHNSKWESE,OLDNYIKACOMPANY,PAULOSANGE,PROFSALUATI,ROBERTKAMPALA,DASPLTD,HOTELSANDLODGETANZANIA,KAYEMPULTD,MASWIDRILLINGCOLTD,QSEMLTD,LUKESAMARASLTD,QSEMLTD,HANS,RISHED,MKUYU,SHULE,KONOIKE,MAGADINIMAKIWARUWATER,TANESCO,KIJIJI,MWELIAESTATE,VICKFIS,MTIBWAS,VODACOM,GREINAKER,MAKONDEWATERSUPPLY,ZAOWATERSPRING,SHANTA,RAILWAY,ABOOD,VIFIFI,VICFISH,INVESTOR,GAMEFRONTI,GREINEKER,MAKONDAKONDEWATERPOPULATION,ECOLODGE,TRC,LG,STABEX,PORILAAKIBAKIGOSI,TANGACEMENT,RESOLUTEMININGGOLDENPRIDE,MAKANYASISALESTATE,CARMATECH,AFRICAONELTD,SEGERAESTATE,MERUCONCRETE,NAMUNGOMINERS,CAMARTEC,PWC,KWAMDULUESTATE,HOLILIWATERSUPPLY,KENYANSCOMPANY,CES,WEDECO,LAWATEFUKAWATERSUP,CONSULTINGENGINEER,LOSAAKIAWATERSUPP,WANAN,LOCALTE,LOCALTECHNICIAN,JANDUPLUMBERCO,SHYBUILDERS,VTECOS,LOCALCONTRACT,CJEJOWCONSTRUCTION,LOCALTECHNICIAN,JUINCO,INDIVIDUALS,KOROGWEWATERWORKS,KYASHAENTERPR,NYAKILANGANICO,HYDROTEC,CONSUTINGENGINEER,KIMKIMCONSTRUCTION,NAISHUCONSTRUCTIONCOLTD,REGIONALWATER,SAXON,SIALTD,PETCORPORATIONLTD,KILIFLORA,NANDRACONSTRUCTION,GOLDSTAR,MASWICOMPANY,KILLFLORACOMMUNITY,CONSULTANT,COSMOSENGINEERING,CONSULTANTENGINEER,ATIGHBUILDINGS,CHINAHENANCONTRACTOR,MASWI,GWASECO,SINGIDAGENERALSUPPLIESLTD,AMPCONTRACTOR,ACTIVETANKCO,KALAGOENTERPRISESCOLTD,DRMATOMOLA,KILWACOMPANY,PITCOOPERATIONLTD,KILLFLORACOMMUNITY,COSMOSENGLTD,MACKDONALDCONTRACTOR,MLAKICO,SEMACOLTD,LVALTD,SIMBACO,BARIC,LAWATEFUKAWATERSU,SAXONBUILDINGCONTRACTOR,MANYARACONSTRUCTION,WANJODA,MIDA,AMPCONTRACTS,WEDECOWESSONS,NANRACONTRACTOR,YUMBAKAENGINEERING,AMPCONTRACT,MDALACONTRACTOR,CLAUSEWORKERS,VICTORIADRILLCO,MASWIDRILL,WANAN,OBC,CONSULTANTANDDWE,VICTORIACOMPANY,MAKAMACONSTRUCTION,MGM,ATLASCOMPANY,MOMBOURBANWATERS,GIDACONTRACTOR,GOLDSTAR,HOWARDANDHUMFREYCONSULTANT,RUANGWACONTRACTOR,WASSOCOMPANIES,MAJITECHCONSTRUCTION,LOCALTECHNICALTEC,JLHCOLTD,UMOJADRILLING,MAGADINIMAKIWARUWA,JUIN,DRMATOBOLA,LOSAKIAWATERSUPPL,AMBONIPLANTATION,MAJITECH,HALMASHAURIYAMBURU,MCHOME,KOBERGCONTRACTOR,GACHUMAGINERY,NYAKILANGANICONSTRUCTION,WASSOCONTRACTORS,MASWIDRILLING,MAZIINVESTMENT,BUILDINGWORKSCOMPANYLTD,MAKEENGINEERING,FURAHIATRADING,DRMATOBOLA,INVES,VICTORIADRILL,KYASHAENTREPR,MOMBOURBANWATER,CJEJOW,LINDALACO,LOCALLTECHNICIAN,MWAKICONTRACTOR,AQUARMANDRILLERS,NYAKILANGANI,MBULICO,UMOJADRILLINGCONSTRUCTION,YELLLTD,WEDEKO,KARUMBABUILDINGCOMPANYLTD,VICKFI,INDIVIDUAL,WINNINSPIRITCO,SHIP,RESOLUTE,HANJALT,ILOLANGULUWATERSUPPLY,INDIVIDUAL,UNIVERSALCONSTRUCTION,AQAL,JHLCOLTD,DDCACO,VIENCONSTRUCTION,WINNINSPIRITCOLTD,TAIPO,MKONCONSTRUCTION,MWAKICONTRACTO,SAFERESCUELTD,RURALDRINKUNGWATERSUPPLY,GEORGEMTOTOCOMPANY,ALTAICOLTD,KILIWATERR,BUILDINGWORKSENGINEERINGLTD,MKONGOCONSTRUCTION,UMOJADRILLINGCONTRUCTO,MSUKWACONSTRUCTIONCOMPANY,AQWAMANDRILLING,REGWACOMPANY,EMANDABUILDERS,MKONGCONSTRUCTION,PRIVAT,UMOJADRILLINGCONTRACTOR,VILLAGELOCALCONTRACTOR,MKONGOBUILDINGCONTRACTOR,SAXONBUILDINGCONTRACTORS,MASUCOMPANY,MACKDONALDCONTRSCTOR,GLOBALRESOURCECO,WINAMCONSTRUCTION,PRIVATECOMPANY,REGWACOMPANY,ARDHIANDPETCOMPANIES,SHIPOCONSTRUCTORS,HUMFREYSCO,HOWARDHUMFREYS,MORNINGCONSTRUCTION,PETCOPORATIONLTD,MASWIDRILLINGCOLTD,MREMICONTRACTOR,LINDICONTRACTOR,WINAMCONSTRUCTION,WINAMUCO,GACHUMACONSTRUCTION,KARUMBABIULDINGCOMPANYLTD,KWASENENGEGROUP,SEMACONSULTANT,MACKDONALDCOLTD,GLOBALRESOURCECONSTRUCTION,MANDIACONSTRUCTION,PRIVATETECHNICIAN,WANANCHITECHNICIANS,CFBUILDERS,PRIVATEINDIVIDUALS,SPARDRILLING,JOHNKIMINDACO,KARUMBABIULDINGCONTRACTOR,HOWARDANDHUMFREYCONSULTANTS,KILANGANICO,WINAMCO
ROMANCATHOLIC,KKKT,RCCHURCH,DMDD,KKKTMAKWALE,ANGLICANCHURCH,KKKTCHURCH,ISLAMICFOUND,CHURC,RCCHURC,ROMANCATHORICSAME,MISSIONARIES,RCCHURCECEFA,ISLAMIC,FATHERBONIFASI,AFRICANMUSLIMAGENCY,ROMANCATHORICSAME,ROMANCATHOLICRULENGEDIOCESE,ROMANCHURCH,MOSQUE,RCCHURCHCENTR,LUTHERANCHURCH,GERMANYMISIONARY,MUSLIMS,KKKTDIOCESYAPARE,MOROVIANCHURCH,ROMANCATHORICKILOMENI,BAPTISTCHURCH,ISLAM,WORLDVISIONKKKT,MOSLEMFOUNDATION,CHURCH,FREEPENTECOSTECHURCHOFTANZ,RCCATHORIC,RCMISSION,TAGCHURCH,MUSILIMAGENCY,ROMANCA,FPCTCHURCH,ROMAN,RCCH,AICT,WVT,CARITAS,KANISAKATOLIKILOLOVONI,KIUMA,HWRC,KANISALAMENONITE,RCCHURCHCEFA,SDA,KANISA,ANGRIKANA,WORLDVISIONRCCHURCH,FULLGOSPELCHURCH,KANISAKATOLIKI,RCMISSION,CHRISTIANOUTRICH,FREEPENTECOSTECHURCHOFTANZ,LOLIONDOPARISH,MISSIONARY,PENTECOSTACHURCH,ABASIA,KKKTLEGURUKI,KKKTNDRUMANGENI,KKKTDME,KKKTCANAL,KKKTUSA,KKKTMAREU,KKKTDME,CHRISTANOUTRICH,NAZALETCHURCH,CEFARCCHURCH,GILCAFECHURCH,HAIDOMULUTHERANCHURCH,JUSARANGCHURCHANDBUGANGO,ROMANCATHORICCHURCH,TAGCHURCHUB,AICCHURCH,BUKWANGCHURCHSAINTS,AGTCHURCH,CHURCHOFDISCIPLES,PENTECOSTALCHURCH,BUKWANGCHURCHSAINT,EUNGAMMETHODISTCHURCH,SDACHURCH,METHODISTCHURCH,NAZARETHCHURCH,STMAGRETHCHURCH,PAGCHURCH,BATISTCHURCH,DWEANGLICANCHURCH,EUNGAMMETHODISTCHURCH,ISLAMICAGENCYTANZANIA,ARABSCOMMUNITY,SHEARMUSLIM,FATHERW,THEISLAMIC,SISTERFRANCIS,MORAVIAN,MOROVIAN,DIOCESEOFGEITA,DMKANGLICAN,SITERFRANSIS,GERMANMISSIONARY,HERIMISSION,CGRC,GERMANYCRISTIANS,UNICEFAFRICANMUSLIMAGENCY,RCDWE,STELIZABETHMAJENGO,NEEMIAMISSION,MISSIO,DIOCE,ROMANCATHORIC,ROMAMCATHOLIC,TCRSCARE,TCRSCARE,CIPROCARETCRS,CIPROCARE,ISLAMICCOMMUNITY,ISLAMICSOCIETY,MUSLIMUSOCIETYSHIA,ANSWEERMUSLIMGROU,KOMEPARISH,PENTECOSTASEELA,MUISLAM,CRISTANOUTRICH,MUSLIMEHEFENINTERNATIONAL,WAMISIONARIWAKIKATORIKI,GERMANYMISSIONARY,CATHORIC,MUSLIMWORLD,RCMSUFI,PENTEKOSTE,MUSLIMSOCIETY,NYABIBUYEISLAMICCENTER,PENTECOST,SISTERMAKULATA,MORROVIAN,RCMISSI,RCNJORO,CALTASTANZANIA,KALEBEJOPARISH,PENTECOSTALHAGANASWEEDEN,GRAILMISSIONKISEKIBAR,PENTECOSTAL,ARABCOMMUNITY,MOSQURE,RCMISSIONARY,DIOCESEOFMOUNTKILIMANJARO,KILIMARONDOPARISH,RCMOFU,BRUDER,MSIKITI,ELCT,AIC,STPH,LUTHERAN,CPPS,FLORESTA,IREVEASISTER,HYDOMLUTHELANI,AGAPECHURC,FOSECU,TCRSKIBONDO,TCRST,ARABI,KANISALATAG,RCMI,USAMBALASISTER,KANISANI,KANISALAMITUME,STGASPER,CPPSMISSION,WAMISSIONARIWAKIKATORIKI,KANISALANEEMA,KKKTKONDEANDDWE,ANGLI,RC,KKT,FATHE,NDANDAMISSIONS,RCCHURCHCENTRALGOVER,RCC,TAG,CARTAS,ANGLI,KKTC,MASJID,LUTHE,KK,KMT,AFRICAISLAMICAGENCYTANZANIA,AFRICANMUSLIMSAGE,MSIKI,RC,TAGPATMOS,CALVARYCONNECTION,RCCHURCHBROTHER,ANGLICANUGANDA,KKKTKATITIJUU,ROMAM,ANGLIKAN,RCCHURCH,RCMIS,ANGLICACHURCH,PENTECOSTA,PUMPENTECOSTALSWEEDEN,MASJIDTAKUAR,PENTECOSTCHURCH,AFRICAMUSLIM,GERMANMISSIONSRY,KKKTKILINGA,ANGLICANUGANDA,ANGLIKANACHURCH
DANIDA,GERMANYREPUBLI,NETHERLANDS,NORAD,JICA,JAICA,NETHALAN,SWEDISH,GERMANY,CHINAGOVERNMENTDWENORAD,TZJAPAN,EUROPEANUNION,DADS,HOLLAND,SWISSIF,JIKA,NETHE,DADIS,NORADKIDEP,THEPEOPLEOFJAPAN,FINLANDGOVERNMENT,ACOGERMANY,USEMBASSY,FINLAND,JEICA,ACOGERMANY,CANADA,BELGIANGOVERNMENT,PEOPLEOFJAPAN,WORLDBANK,BRITISHCOLONIALGOVERNMENT,FRANCE,GAICA,USA,GREEC,SWEDEN,JAPNEMBASSY,COLONIALGOVERNMENT,JAPANAID,ITALYGOVERNMENT,USAEMBASSY,CHINAGOVERNMENT,WATUWAUJERUMANI,NORADGOVERNMENT,UN,THEPEOPLEOFJAPAN,EUACRA,UBALOZIWAMAREKANI,FRANC,COMUNEDIROMA,JAPANFOOD,NETHERLAND,KOREA,JAPANEMBASSY,DANIDAGOVERNMENT,WORLDBANKGOVERNMENT,UNHCRGOVERNMENT,NORADGOVERNMENT,JAPANGOVERNMENT,IRISHGOVERNMENT,EGYPTGOVERNMENT,IRANGOVER,ITALY,BRITISHTANZA,PEOPLEFROMJAPAN,NORADTASSAFII,NIGER,MORAD,SWEEDEN,DQNIDA,HOLAND,NORADTASSAF,FOREIGNE,WATUWAMAREKANI,ITALIAN,NATHERLAND,UBALOZIWAJAPANI,JAPANFOODAIDCOUNTERPART,EMBASYOFJAPANINTANZANIA,PEOPLEFROMEGYPT,DAIDA,NERTHLANDS,NORADRUDEP,NORADJAPAN,NETHERLA,PEOPLEOFSWEDEN,CANADAAID,UNHCRDANIDA,DANID,DANID,DA,EGYPTTECHNICALCOOPERATION,EU,IRISHAI,FRIENDFROMUN,JAPAN,GROBALRESOURCEALLIANCE,JAPANFOODAID,DDCA,WOULDBANK,BELGIAMGOVERNMENT,NORAD,CHINA,JAICACO,AUSTRALIA,BELGIJ,ITALI,DENISH,IRANGOVERN,NIRAD,WORDBANK,BRITAIN,BRITISHGOVERNMENT,WORLDNK,CHINESE,WIZRAYAMAJINAEGYPT,HILFEFURBRUDER,DANIDS,DANNIDA,ITALIANGOVERNMENT,GERMAN,WORDBANK,TANZEGYPTTECHNICALCOOPERA,WORDLBANK
SECONDARYSCHOO,KWANGNAMMIDDLESCHOOL,SCHOO,LOLIONDOSECONDARY,MBOZISECONDARYSCHOOL,PRINCEMEDIUMSCHOOL,KIBAHAINDEPENDENTSCHOOL,EASTMERUMEDIUMSCHOOL,OVERLANDHIGHSCHOOL,LUCHELEGUPRIMARYSCHOOL,SCHOOLADM9NSTRARION,TINGATINGASECSCHOOL,POLANDSECSCHOOL,MANYOTAPRIMARYSCHOOL,SPCPREPRIMARYSCHOOL,UPENDOPRIMARYSCHOOL,MWLNYERERESECSCHOOL,SHULEYASEKONDARIIPULI,SHULEYAMSINGI,SHULEYAMSINGIUFALA,KAGUNGULISECONDARY,SCHOLASTICAPANKRASI,SEKONDARI,ORPHANAGE,ZINGIBALISECONDARY,SECONDARYSCHOOL
CHARITY,GOV,LOCAL_GOV,PRIVATE,RELIGIOUS,FOREIGN,SCHOOL
WORLDVISION,UNICEF,OXFAM,OXFARM,FINIWATER,WATERAID,AMREF,MISSION,ADRA,MAGADINIMAKIWARUWATER,OIKOSEAFRIKA,UNICE,CONCERNWORLDWIDE,CONCERN,FINWATER,WATERAIDSEMA,PLANINTERNATIONAL,COCEN,REDCROSS,FINNWATER,OIKOSEAFRICAEUROPEANUNION,ICS,THEDESKANDCHAIRFOUNDAT,HAPPYWATOTOFOUNDATION,FINWATER,COCERN,SAVETHERAINUSA,WATERAIDSEMA,CAREINTERNATIONAL,PLANINTERNATIO,WWF,ROTARYCLUB,OXFAMGB,WATERPROJECTMBAWALACHINI,LIVINGWATERINTERNATIONAL,UNICEFCENTRAL,DESKANDCHAIRFOUNDATION,WOMENFORPARTNERSHIP,ACTIONAID,AFRICARE,AFRICANDEVELOPMENTFOUNDATION,UNICEFCSP,WATEAIDSEMA,CONCERNGOVERN,OIKOSEAFRICAEUROPEANUNION,COCEN,CONCERNGOVERNM,TASAF,TCRS,HIFAB,FINW,ISF,DED,PLANINT,UNHCR,SNV,MISSI,CMSR,CDTF,CONCE,MARAFIP,CEFA,TWESA,WFP,USAIDWFP,WFPTNT,WFPUSAIDTNT,WFPUSAID,WFPTNTUSAID,WFP,DEVONAIDKOROGWE,ACRA,SHAWASA,CAFOD,TDFT,ILO,ICS,THEDESKANDCHAIRFOUNDAT,WORLDVISIONADRA,SAVETHERAINUSA,UNDPILO,IL,IWASH,MILENIAMPROJECT,TOTALLANDCARE,CEFANJOMBE,KILLFLORA,MSF,PEACECOPE,DRDPNGO,IDYDC,TAHEA,LIVIN,AFRICANRELIE,MSFTACARE,UNDPAICT,SECONDARY,LIFETIME,MILLENIUM,TASAFU,TASAFDMDD,CHAMAVITA,DESKANDCHAIRFOUNDATION,KADRESNGO,ACTIONCONTRELAFAIM,KINGUPIRAS,MILENIA,LOTTERYCLUB,ROTARYCLUBOFUSAANDMOSHI,SUMMITFORWATER,NGOS,JESHILAWOKOVU,TOTALLANDCARE,CONCEN,DWEBAMBOOPROJEC,UHAIWAMAMANAMTOTO,MAVUNONGO,AFRICAN,NO,WORLDVISIONKKKT,HOSPITAL,ROTARYI,BINGOFOUNDATION,QUICKWINPROJECT,QUICKWI,QUWKWIN,QUICK,QWICKWIN,QUICK,QUICKWINGS,QUICKWINS,QUIK,QUICKWINPROJECTCOUNCIL,OIKOS,LVIA,TWE,DW,ADP,MAGOMAADP,ADPMOMBO,KADP,DADP,OXFARMGB,OX,KINDOROKOWATERPROJECT,RILAYOWATERPROJECT,AFRICAPROJECTEVGERMANY,KAMATAPROJECT,KIBARAFOUNDATION,KUJIFOUNDATION,FRIENDSOFKIBARAFOUNDATION,KOMBEFOUNDATION,BINGOFOUNDATIONGERMANY,AFRICANREFLECTIONSFOUNDATION,NGO,ROTARYCLUBAUSTRALIA,LOTARYCLUB,ROTARYCLUBOFCHICOANDMOSHI,ROTARYCLUBKITCHENER,ROTATYCLUB,LIONSCLUB,LIONSCLUBKILIMANJARO,UNWFP,TLCJOHNMAJALA,BREADFORTHEWOR,UNICEFCSPD,KDRDPNGO,LIONS,CARTASTANZANIA,USAID,ASDP,TUMAINIFUND,BRIDGENORTH,ROTERYC,QUICKWINS,ACTIONINA,LOTTERY,FRIEDKINCONSERVATIONFUND,CAREINT,REDCROSS,AFRICANREALIEFCOMMITTEOFKU,AFRICA2000NETWORK,ACORDNGO,THEISLA,TACARE,ISFTACARE,TINAAFRICARE,TOTOLANDCARE,CAREDWE,TOTALANDCARE,VIFAFI,ENGINEERSWITHOUTBORDER,QUICKWIN,QWCKWIN,UNICET,GOLDWILLFOUNDATION,LOTARYINTERNATIONAL,ROTARY,QUICKLW,WATERAIDDWE,UNISEG,COMPASIONINTERNATIONAL,TKC,TQUICKWINGS,HESAWAANDCONCERNWORLDWIDE,WWFFORES,OIKOSEAFRICAEUROPEANUNION,QWICKWIN,TLCJENUSMALECHA,UNICEG,WORLDVISION,TLCEMMANUELKASOGA,ONEDESKONECHAIR,UNICRF,WOMENFOPARTNERSHIP,AFRIICANRELI,HEARTSHELPINGHANDSINC,QWEKWIN,BREADOFTHEWORL,INTERNATIONALAIDSERVICES,UNICECSPD,SHIRIKALAKINAMAMANAWATOT,LIONSC,TADEPA,SEMA,UDCSEMA,WATERSEMA,SEMAS,SEMAKIK,GIZ,TLC,PARTAGE,CSPD,ILCT,EFG,ERETO,MSABI,SNVSWASH,SWASH,DARALBER,PRF,LWI,IDEA,NADO,PCI,TRACHOMA,CALTAS,TCRSTLC,ADAP,FARMAFRICA,SIMAVI,UNESCO,ENGIN,AWF,ACORD,ADPBUNGU,ENO,AFRICAAMINIALAMA,IRC,AFRICA2000NETWORKUNDP,ADPW,AFRICAN2000NETWORK,LGAANDADB,TOTOLAND,QUICKWINHALMASHAURI,TANEDAPSSOCIETY,HAPASINGIDA,UNHABITAT,AMREFE,GURDIANS,CHMAVITA,RAMSAR,FREDKEDCONSERVATION,WCST,LIONCLU,RUDRI,WSDO,SIPDO,KIKUNDICHAAKINAMAMA,TLCSORRI,FARMAFRICA,BUSOGATRUST,TLCTHIMOTHEOMASUNGA,KARADEANGO,AQUABLUESANGELS,QUICKWINSSCHEME,TLCSELEMANMANGOMBE,AFDP,FW,WORLD,WATERAID,UNISEF,OIKOSEAFRICA,WATERAID,CBHCC,WFPUSAID,TPPTRUSTMOSHI,ADPBUSANGI,MVIWA,WORLDVISSION,HAPA,WATERAID,TLTC,REDESO,CONCERNGOVERNMENT,SAVETHERAIN,MILENIAM,SUMMITFORWATERCOMMUNITY,OIKOSEAFRICA,TWESACOMMUNITY,WATERAIDSEMA,TRUST,DESKC,AFRICA,HIAP,PEOPLEP,TCRSTLC,OIKOSEAFRICA,MILENIUM,EFARM,LIONS,AFRICA,TCRSTWESA,TCRSTWESA,WWF,QUKWIN,AGRICAN,FINWATE,TWESAJAMII,TCRSA,CARECIPRO,COMPASIONINTERNATIO,LIONSCLUB,WORLDVISIIN,TCRSTASSAF,WATERAIDS,TCRSDWE,ICFTWESA,TLCSAMORA,LIONSCLUB,WATERAIDMAJITECH,AFRICAONE,NGOS
GOVERNMENTOFTANZANIA,RWSSP,MINISTRYOFWATER,LGA,DWSP,RURALWATERSUPPLYANDSANITAT,WSDP,TANZA,KUWAIT,FINIDAGERMANTANZANIAGOVT,DWSSP,CIPROGOVERNMENT,WATERBOARD,TANZANIA,ISFGOVERNMENT,RWSP,GOVERNMENTCOMMUNITY,FINIDAGERMANTANZANIAGOVT,GOVERNMENTWORLDBANK,MEMBEROFPARLIAMENT,GOVERNMENTTASSAF,RWSSSP,TASSAFDANIDA,RWSSPWSDP,MINISTRYOFEDUCATION,RSSP,KOICAANDTANZANIAGOVERNMENT,MINISTRYOFWATER,DHV,WATER,RUDEP,WB,TASSAF,UNDP,GTZ,PADEP,NATIONALRURAL,IDARAYAMAJI,DWENORAD,SERIKALI,DHVNORP,IFAD,TANZAKESHO,DHVMORO,RURALWATERSUPPLYANDSANITA,NATIONALRURALANDHFA,DHVGOVE,BFFS,TASSAFII,PARASTATAL,MINISTRYOFEDUCATION,WRSSP,TCRSGOVERNMENT,DOMESTICRURALDEVELOPMENTPRO,RURALDRINKINGWATERSUPPLY,KAEMP,TASAFANDLGA,TASAFII,TASAE,TAASAF,ISFTASAFF,TASAFANDLGA,TASAFANDMMEM,TASAF1,TASAFTLC,TASA,RURALWATERDEPARTMENT,WATERSECTORDEVELOPMENT,WATERDEPARTMENT,DOMESTICWATERSUPPLYPROJECT,DISTRICTRURALPROJECT,VGOVERNMENT,GOVERNMENTSDA,MISRIGOVERNMENT,GOVERNMENTANDCOMMUNITY,GOVERNMENTTASSAF,GOVERNMENTTCRS,GOVERNMENTWORLDVISION,GOVERNMENT,HANDENITRUNKMAIN,DOMESTICRURALDEVELOPMENTPR,MINISTRYOFAGRICULTURA,MINISTRYOFHEALTHY,RWSSPSHINYANGA,GOVERNMENTOFMISRI,TASSAFI,OVERNMENT,RUDEPNORAD,RUDEPDWE,TASF,DEDRWSSP,DWERUDEP,HEALTHMINISTRY,GO,DH,RIDEP,TREDEP,KIRDEP,TRIDEP,KIDEP,REDEP,PADEPMIFUGO,DASIP,PIDP,ASB,UKILIGU,RDC,IMF,SAOH,BENGUKA,DASP,HEALT,MEM,CBHI,NSC,DDP,HESAWZ,DBSPE,TANAPA,TANAP,PMO,SIMMORS,WIZARA,DODDEA,TIRDO,RURALWATERSUPPLY,DASSIP,SSWP,TANROAD,TPP,WAJERUMANI,TASEF,TANZANIAEGYPT,TREEDAP,PRODAP,NATIONALPARK,AFYADEPARTMENTLINDIRURAL,CHAMACHAUSHIRIKA,WDSP,TANLOAD,HESSWA,HESAWZA,HEWAWA,HEWASA,ISFGVT,HESAWWA,DRWSSP,TANZANIAEGYPTTECHNICALCOOP,DAGIDA,HESAWA,HE,RWE,CENTRALGOVERNMENT,GOVER,GOVE,DISTRI,CENTR,MWE,CENTRALGOVT,GOVER,CENTRALGOVERNMENT,REGIONWATERDEPARTMENT,RWEDWE,MWE,WIZARAYAMAJI,TANZANIAGOVERNMENT,KIDP,GOVERN,TAWASA,TANPLANTLTD,GEOTAN,NORA,CENTRALGOVERNMENT,TANZ,UKILIG,RWECOMMUNITY,CENTRALGOVERNMENT,RW,CANADANATANZANIA,RUDEP,MINISTRYOFWATERENGINEER,RWECOMMUNITY,RUDE,RWECOMMUNITY,ADRAGOVERNMENT,CENTALGOVERNMENT,TASAF,WE,CEBTRALGOVERNMENT,UNONE,KOICA,TANZANIANGOVERNMENT,TASSAFTCRS,PLANTANZANIA,GOVERM,WORLDBANKS,GOVERNME,RWECOMMUNITY,SELIKALI,WORLDDIVISION,REDAP,CIPRO,GOVERNME,TANCRO,TAIPO,RWETCRS,NOSHAD,HANDENITRUNKMAIN,MPANGOWAMWISA,CENTRAGOVERNMENT,HEESAW,GOVERNMEN,HESAW,TASAFANDCOMUNITY,DWETASSAF,HESAWS,CETRALGOVERNMENTRC,CENTRAGOVT
DISTRICTCOUNCIL,MKINGADISTRICCOUN,MKINGADISTRICCOU,KIBAHATOWNCOUNCIL,VILLAGEGOVERNMENT,SONGEADISTRICTCOUNCIL,SONGEAMUNICIPALCOUNCI,WUA,VILLAGERS,VILLAGECOUNCIL,COMMUNITY,MUWSA,HALMASHAURIYAWILAYASIKONGE,HSW,VWC,NCAA,MKINGADISTRICCOU,LOSAAKIAWATERSUPPLY,COMMU,KILINDIDISTRICTCO,TABORAMUNICIPALCOUNCIL,KUWASA,MBIUWASA,WATERUSERAS,TUWASA,HALMASHAURI,VILLAGE,KILWATER,VILLAGECOMMUNITY,SEKEIVILLAGECOMMUNITY,SINGIDAYETU,SOWASA,MAKONDEWATERPOPULATION,SUMBAWANGAMUNICI,BAHEWASA,OLGILAIVILLAGECOMMUNITY,VILLAGECOUNCILHAYDOMLUTHER,HALMASHAURIYAMANISPATABORA,LGCDG,LOWASA,KINAPA,AUWASA,SUWASA,MZINGAA,SERIKALIYAKIJIJI,REGIONALWATERENGINEERARUSHA,WATERUSERGROUP,IKELAWA,COUNCIL,SENGEREMADISTRICTCOUNCIL,MTUWASA,MAMLAKAYAMAJINGARA,HALMASHAUR,MBOZIDISTRICTCOUNCIL,VILLAGEGOVT,SAUWASA,KYELACOUNCIL,DUWAS,SANGEADISTRICTCOUNCIL,MUNICIPALCOUNCIL,MHEZADISTRICCOUNC,ILKERIVILLAGE,KIGOMAMUNICIPAL,MWANGATOWNWATERAUTHORITY,LOCAL,VILLA,MTUWASAANDCOMMUNITY,NGIRESIVILLAGECOMMUNITY,LIUWASSA,NDUKUVILLAGE,OLDADAIVILLAGECOMMUNITY,HALMASHAURIYAWILAYA,MDRDP,NDRDP,GOVERNMENTSCHOOL,MUWASA,DAWASA,SUASA,VILLAGEWATERCOMMISSION,KIGOMAMUNICIPALCOUNCIL,VILLEGECOUNCIL,VILLAGECOUNCILROSEKAWALA,WBDISTRICTCOUNCIL,CDTFDISTRICTCOUNCIL,VILLAGEFUND,HALMASHAULI,SOLARVILLA,GESAWA,VILLAERS,COMUNITYCONSTRUCTIONFUND,VILLAGECONTRIBUTIO,DARESSALAAMROUNDTABLE,MARUMBOCOMMUNITY,VILLAGECOMMUNI,GRANAHALMASHAURI,KITIANGAREVILLAGECOMMUNITY,HALMASHAURIWIL,VILLAGEOFFICE,SUBVILLAGE,TCRSVILLAGECOMMUNITY,VILLAGERES,VILLAGERSMPI,VILLEGERS,VILLAGES,VILLLAGECONTRIBUTI,ILWILOCOMMUNITY,KWADITRIKICHO,TLCCOMMUNITY,HALIMASHAULI,OKUTUVILLAGECOMMUNITY,BULUGASUBVILLAGECOMMUNITY,NYAMINGUSUBVILLAGE,IGOLOLACOMMUNITY,TOWNCOUNCIL,COMMUNITYBANK,OAKZIONANDBUGANGOBCOMMU,SCHOOL,LONGIDOSECSCHOOL,MDC,ISINGIROHO,RUNDUMAN,RUNDUMAN,LVEMP,LGDCG,LGCBG,IFAKARA,LCDG,ARDHIINSTUTE,EDUCATIONFUNDS,MFUKOWAJIMBOLAMAGU,KONDOPRIMARY,MASEKACOMMUNITY,CDFT,LGCGD,MANYOVUAGRICULTUREINSTITUTE,SELIKALIYAKIJIJI,WANAKIJIJI,KWAMZEEWAZIRI,KIJIJ,SENGEREMAWATERDEPARTMENT,MAGADINIMAKIWARUWA,DWE,DISTRICTWATERDEPARTMENT,ADRACOMMUNITY,ADRACOMMUNITY,COMMUNIT,DISTRICTWATERDEPAR,DWE,DISTRICTCOUNCI,VILLAG,VILL,ARDHIWATERWELL,DWE,SANGEADISTRICTCOUN,COUN,VILLAGECOUNCILORPHA,SONGEADISTRICTCOUN,SHUWASA,DADSVILLAGECOMMUNITY,COUNC,DISTRICTCOUNCIL,SERENGETIDISTRICTCONCIL,DEE,VILLAGECOUNIL,HALMASHAURIQUICKWINPROJECT,VILLAGER,MAENDELEOYAJAMII,NDDP,MUNICIPAL,COMUNITY,VILLAGER,VILLAGEWATERCOMMITTEE,MDRD,ESAWA,WATERUSERSGROUP,DISTRICTCOMMUNITYJ,WATERBOARDS,VILLAGECOMMUNITYMEMBERS,LINDIRURALWATERDEPARTMENT,ENGARASEROVILLAGERS,DISTRICWATERDEPARTMENT,VILLAGECOUNCILODA,TABOMACOMMUNITY,VILLI,VILLIGERS,MBULUDISTRICTCOUNCIL,DWEUBALOZIWAMAREKANI,UBALOZIWAMAREKANIDWE,DWETASSAF,DWE
PRIVATEINDIVIDUAL,ADB,PRIVATE,CESGMBH,SHIPO,CESGMBH,AFRICANDEVELOPMENTBANK,BANK,PRIVATEOWNED,WILLIAMSOMDIAMONLTD,IEC,PRIVA,TULAWAKAGOLDMINE,NYAMONGOGOLDMINING,GEITAGOLDMAIN,KILIWATER,WANANCHI,DFID,DONOR,JBG,AAR,BIORE,SONGAS,BGM,SABODO,MWAYAMN,SWISLANDMOUNTMERUFLOWERS,TADO,RESOLUTEMINING,FPCT,BULYAHUNLUGOLDMINE,SNVLTD,WILLIAMSONDIAMONDLTD,HORTANZIA,PROFESSORBENOHIOUNIVERSITY,MEMBEROFPARLIAMENT,SANPELLEGRINO,SIMONLUSAMBI,ROBERTLOYAL,DAWASCO,REGWACOMPANYOFEGYPT,JGB,LAWATEFUKAWATERSUPPLY,SABEMO,LAWATEFUKAWATERSUPP,FRESHWATERPLCENGLAND,RESOLUTEGOLDENPRIDEPROJECT,REGINAGROUP,NGELEPOGROUP,IKEUCHITOWELSJAPAN,FIWATER,SWISLANDMOUNTMERUFLOWERS,TENDEGREEHOTEL,AFRICANBARRICKGOLD,BIOFUELCOMPANY,VICFISHLTD,KIBOBREWARIES,STEPHANOPAULO,STEVENNYANGARIKA,GEOCHAINA,LOSAKIAWATERSUPPLY,SAFARIROYA,MZUNGUPAUL,LAWATEFUKAWATERSUPPL,HOTELSANDLOGGSTZLTD,PRIVATEPERSON,REGWACOMPANYOFEGPTY,JUDGEMCHOME,MMGGOLDMINE,COMPANY,EGYPT,PETERTESHA,PETERNGEREKA,PETERS,PETER,INSTITUTION,LEEKANGPYUNGSFAMILY,WAFIDHIWAZIWAT,JOHNGILETH,PRIVATEINDIVIDUL,MEMBEROFPERLIAMENTAHMEDALI,RICHARDMKYORE,BONITEBOTTLESLTD,ROBERTMOSI,PRIVATECO,OTELOBUSSINESSCOMPANY,PETERMAYIRO,PRIVATEINSTITUTIONS,JOHNSKWESE,OLDNYIKACOMPANY,PAULOSANGE,PROFSALUATI,ROBERTKAMPALA,DASPLTD,HOTELSANDLODGETANZANIA,KAYEMPULTD,MASWIDRILLINGCOLTD,QSEMLTD,LUKESAMARASLTD,QSEMLTD,HANS,RISHED,MKUYU,SHULE,KONOIKE,MAGADINIMAKIWARUWATER,TANESCO,KIJIJI,MWELIAESTATE,VICKFIS,MTIBWAS,VODACOM,GREINAKER,MAKONDEWATERSUPPLY,ZAOWATERSPRING,SHANTA,RAILWAY,ABOOD,VIFIFI,VICFISH,INVESTOR,GAMEFRONTI,GREINEKER,MAKONDAKONDEWATERPOPULATION,ECOLODGE,TRC,LG,STABEX,PORILAAKIBAKIGOSI,TANGACEMENT,RESOLUTEMININGGOLDENPRIDE,MAKANYASISALESTATE,CARMATECH,AFRICAONELTD,SEGERAESTATE,MERUCONCRETE,NAMUNGOMINERS,CAMARTEC,PWC,KWAMDULUESTATE,HOLILIWATERSUPPLY,KENYANSCOMPANY,CES,WEDECO,LAWATEFUKAWATERSUP,CONSULTINGENGINEER,LOSAAKIAWATERSUPP,WANAN,LOCALTE,LOCALTECHNICIAN,JANDUPLUMBERCO,SHYBUILDERS,VTECOS,LOCALCONTRACT,CJEJOWCONSTRUCTION,LOCALTECHNICIAN,JUINCO,INDIVIDUALS,KOROGWEWATERWORKS,KYASHAENTERPR,NYAKILANGANICO,HYDROTEC,CONSUTINGENGINEER,KIMKIMCONSTRUCTION,NAISHUCONSTRUCTIONCOLTD,REGIONALWATER,SAXON,SIALTD,PETCORPORATIONLTD,KILIFLORA,NANDRACONSTRUCTION,GOLDSTAR,MASWICOMPANY,KILLFLORACOMMUNITY,CONSULTANT,COSMOSENGINEERING,CONSULTANTENGINEER,ATIGHBUILDINGS,CHINAHENANCONTRACTOR,MASWI,GWASECO,SINGIDAGENERALSUPPLIESLTD,AMPCONTRACTOR,ACTIVETANKCO,KALAGOENTERPRISESCOLTD,DRMATOMOLA,KILWACOMPANY,PITCOOPERATIONLTD,KILLFLORACOMMUNITY,COSMOSENGLTD,MACKDONALDCONTRACTOR,MLAKICO,SEMACOLTD,LVALTD,SIMBACO,BARIC,LAWATEFUKAWATERSU,SAXONBUILDINGCONTRACTOR,MANYARACONSTRUCTION,WANJODA,MIDA,AMPCONTRACTS,WEDECOWESSONS,NANRACONTRACTOR,YUMBAKAENGINEERING,AMPCONTRACT,MDALACONTRACTOR,CLAUSEWORKERS,VICTORIADRILLCO,MASWIDRILL,WANAN,OBC,CONSULTANTANDDWE,VICTORIACOMPANY,MAKAMACONSTRUCTION,MGM,ATLASCOMPANY,MOMBOURBANWATERS,GIDACONTRACTOR,GOLDSTAR,HOWARDANDHUMFREYCONSULTANT,RUANGWACONTRACTOR,WASSOCOMPANIES,MAJITECHCONSTRUCTION,LOCALTECHNICALTEC,JLHCOLTD,UMOJADRILLING,MAGADINIMAKIWARUWA,JUIN,DRMATOBOLA,LOSAKIAWATERSUPPL,AMBONIPLANTATION,MAJITECH,HALMASHAURIYAMBURU,MCHOME,KOBERGCONTRACTOR,GACHUMAGINERY,NYAKILANGANICONSTRUCTION,WASSOCONTRACTORS,MASWIDRILLING,MAZIINVESTMENT,BUILDINGWORKSCOMPANYLTD,MAKEENGINEERING,FURAHIATRADING,DRMATOBOLA,INVES,VICTORIADRILL,KYASHAENTREPR,MOMBOURBANWATER,CJEJOW,LINDALACO,LOCALLTECHNICIAN,MWAKICONTRACTOR,AQUARMANDRILLERS,NYAKILANGANI,MBULICO,UMOJADRILLINGCONSTRUCTION,YELLLTD,WEDEKO,KARUMBABUILDINGCOMPANYLTD,VICKFI,INDIVIDUAL,WINNINSPIRITCO,SHIP,RESOLUTE,HANJALT,ILOLANGULUWATERSUPPLY,INDIVIDUAL,UNIVERSALCONSTRUCTION,AQAL,JHLCOLTD,DDCACO,VIENCONSTRUCTION,WINNINSPIRITCOLTD,TAIPO,MKONCONSTRUCTION,MWAKICONTRACTO,SAFERESCUELTD,RURALDRINKUNGWATERSUPPLY,GEORGEMTOTOCOMPANY,ALTAICOLTD,KILIWATERR,BUILDINGWORKSENGINEERINGLTD,MKONGOCONSTRUCTION,UMOJADRILLINGCONTRUCTO,MSUKWACONSTRUCTIONCOMPANY,AQWAMANDRILLING,REGWACOMPANY,EMANDABUILDERS,MKONGCONSTRUCTION,PRIVAT,UMOJADRILLINGCONTRACTOR,VILLAGELOCALCONTRACTOR,MKONGOBUILDINGCONTRACTOR,SAXONBUILDINGCONTRACTORS,MASUCOMPANY,MACKDONALDCONTRSCTOR,GLOBALRESOURCECO,WINAMCONSTRUCTION,PRIVATECOMPANY,REGWACOMPANY,ARDHIANDPETCOMPANIES,SHIPOCONSTRUCTORS,HUMFREYSCO,HOWARDHUMFREYS,MORNINGCONSTRUCTION,PETCOPORATIONLTD,MASWIDRILLINGCOLTD,MREMICONTRACTOR,LINDICONTRACTOR,WINAMCONSTRUCTION,WINAMUCO,GACHUMACONSTRUCTION,KARUMBABIULDINGCOMPANYLTD,KWASENENGEGROUP,SEMACONSULTANT,MACKDONALDCOLTD,GLOBALRESOURCECONSTRUCTION,MANDIACONSTRUCTION,PRIVATETECHNICIAN,WANANCHITECHNICIANS,CFBUILDERS,PRIVATEINDIVIDUALS,SPARDRILLING,JOHNKIMINDACO,KARUMBABIULDINGCONTRACTOR,HOWARDANDHUMFREYCONSULTANTS,KILANGANICO,WINAMCO
ROMANCATHOLIC,KKKT,RCCHURCH,DMDD,KKKTMAKWALE,ANGLICANCHURCH,KKKTCHURCH,ISLAMICFOUND,CHURC,RCCHURC,ROMANCATHORICSAME,MISSIONARIES,RCCHURCECEFA,ISLAMIC,FATHERBONIFASI,AFRICANMUSLIMAGENCY,ROMANCATHORICSAME,ROMANCATHOLICRULENGEDIOCESE,ROMANCHURCH,MOSQUE,RCCHURCHCENTR,LUTHERANCHURCH,GERMANYMISIONARY,MUSLIMS,KKKTDIOCESYAPARE,MOROVIANCHURCH,ROMANCATHORICKILOMENI,BAPTISTCHURCH,ISLAM,WORLDVISIONKKKT,MOSLEMFOUNDATION,CHURCH,FREEPENTECOSTECHURCHOFTANZ,RCCATHORIC,RCMISSION,TAGCHURCH,MUSILIMAGENCY,ROMANCA,FPCTCHURCH,ROMAN,RCCH,AICT,WVT,CARITAS,KANISAKATOLIKILOLOVONI,KIUMA,HWRC,KANISALAMENONITE,RCCHURCHCEFA,SDA,KANISA,ANGRIKANA,WORLDVISIONRCCHURCH,FULLGOSPELCHURCH,KANISAKATOLIKI,RCMISSION,CHRISTIANOUTRICH,FREEPENTECOSTECHURCHOFTANZ,LOLIONDOPARISH,MISSIONARY,PENTECOSTACHURCH,ABASIA,KKKTLEGURUKI,KKKTNDRUMANGENI,KKKTDME,KKKTCANAL,KKKTUSA,KKKTMAREU,KKKTDME,CHRISTANOUTRICH,NAZALETCHURCH,CEFARCCHURCH,GILCAFECHURCH,HAIDOMULUTHERANCHURCH,JUSARANGCHURCHANDBUGANGO,ROMANCATHORICCHURCH,TAGCHURCHUB,AICCHURCH,BUKWANGCHURCHSAINTS,AGTCHURCH,CHURCHOFDISCIPLES,PENTECOSTALCHURCH,BUKWANGCHURCHSAINT,EUNGAMMETHODISTCHURCH,SDACHURCH,METHODISTCHURCH,NAZARETHCHURCH,STMAGRETHCHURCH,PAGCHURCH,BATISTCHURCH,DWEANGLICANCHURCH,EUNGAMMETHODISTCHURCH,ISLAMICAGENCYTANZANIA,ARABSCOMMUNITY,SHEARMUSLIM,FATHERW,THEISLAMIC,SISTERFRANCIS,MORAVIAN,MOROVIAN,DIOCESEOFGEITA,DMKANGLICAN,SITERFRANSIS,GERMANMISSIONARY,HERIMISSION,CGRC,GERMANYCRISTIANS,UNICEFAFRICANMUSLIMAGENCY,RCDWE,STELIZABETHMAJENGO,NEEMIAMISSION,MISSIO,DIOCE,ROMANCATHORIC,ROMAMCATHOLIC,TCRSCARE,TCRSCARE,CIPROCARETCRS,CIPROCARE,ISLAMICCOMMUNITY,ISLAMICSOCIETY,MUSLIMUSOCIETYSHIA,ANSWEERMUSLIMGROU,KOMEPARISH,PENTECOSTASEELA,MUISLAM,CRISTANOUTRICH,MUSLIMEHEFENINTERNATIONAL,WAMISIONARIWAKIKATORIKI,GERMANYMISSIONARY,CATHORIC,MUSLIMWORLD,RCMSUFI,PENTEKOSTE,MUSLIMSOCIETY,NYABIBUYEISLAMICCENTER,PENTECOST,SISTERMAKULATA,MORROVIAN,RCMISSI,RCNJORO,CALTASTANZANIA,KALEBEJOPARISH,PENTECOSTALHAGANASWEEDEN,GRAILMISSIONKISEKIBAR,PENTECOSTAL,ARABCOMMUNITY,MOSQURE,RCMISSIONARY,DIOCESEOFMOUNTKILIMANJARO,KILIMARONDOPARISH,RCMOFU,BRUDER,MSIKITI,ELCT,AIC,STPH,LUTHERAN,CPPS,FLORESTA,IREVEASISTER,HYDOMLUTHELANI,AGAPECHURC,FOSECU,TCRSKIBONDO,TCRST,ARABI,KANISALATAG,RCMI,USAMBALASISTER,KANISANI,KANISALAMITUME,STGASPER,CPPSMISSION,WAMISSIONARIWAKIKATORIKI,KANISALANEEMA,KKKTKONDEANDDWE,ANGLI,RC,KKT,FATHE,NDANDAMISSIONS,RCCHURCHCENTRALGOVER,RCC,TAG,CARTAS,ANGLI,KKTC,MASJID,LUTHE,KK,KMT,AFRICAISLAMICAGENCYTANZANIA,AFRICANMUSLIMSAGE,MSIKI,RC,TAGPATMOS,CALVARYCONNECTION,RCCHURCHBROTHER,ANGLICANUGANDA,KKKTKATITIJUU,ROMAM,ANGLIKAN,RCCHURCH,RCMIS,ANGLICACHURCH,PENTECOSTA,PUMPENTECOSTALSWEEDEN,MASJIDTAKUAR,PENTECOSTCHURCH,AFRICAMUSLIM,GERMANMISSIONSRY,KKKTKILINGA,ANGLICANUGANDA,ANGLIKANACHURCH
DANIDA,GERMANYREPUBLI,NETHERLANDS,NORAD,JICA,JAICA,NETHALAN,SWEDISH,GERMANY,CHINAGOVERNMENTDWENORAD,TZJAPAN,EUROPEANUNION,DADS,HOLLAND,SWISSIF,JIKA,NETHE,DADIS,NORADKIDEP,THEPEOPLEOFJAPAN,FINLANDGOVERNMENT,ACOGERMANY,USEMBASSY,FINLAND,JEICA,ACOGERMANY,CANADA,BELGIANGOVERNMENT,PEOPLEOFJAPAN,WORLDBANK,BRITISHCOLONIALGOVERNMENT,FRANCE,GAICA,USA,GREEC,SWEDEN,JAPNEMBASSY,COLONIALGOVERNMENT,JAPANAID,ITALYGOVERNMENT,USAEMBASSY,CHINAGOVERNMENT,WATUWAUJERUMANI,NORADGOVERNMENT,UN,THEPEOPLEOFJAPAN,EUACRA,UBALOZIWAMAREKANI,FRANC,COMUNEDIROMA,JAPANFOOD,NETHERLAND,KOREA,JAPANEMBASSY,DANIDAGOVERNMENT,WORLDBANKGOVERNMENT,UNHCRGOVERNMENT,NORADGOVERNMENT,JAPANGOVERNMENT,IRISHGOVERNMENT,EGYPTGOVERNMENT,IRANGOVER,ITALY,BRITISHTANZA,PEOPLEFROMJAPAN,NORADTASSAFII,NIGER,MORAD,SWEEDEN,DQNIDA,HOLAND,NORADTASSAF,FOREIGNE,WATUWAMAREKANI,ITALIAN,NATHERLAND,UBALOZIWAJAPANI,JAPANFOODAIDCOUNTERPART,EMBASYOFJAPANINTANZANIA,PEOPLEFROMEGYPT,DAIDA,NERTHLANDS,NORADRUDEP,NORADJAPAN,NETHERLA,PEOPLEOFSWEDEN,CANADAAID,UNHCRDANIDA,DANID,DANID,DA,EGYPTTECHNICALCOOPERATION,EU,IRISHAI,FRIENDFROMUN,JAPAN,GROBALRESOURCEALLIANCE,JAPANFOODAID,DDCA,WOULDBANK,BELGIAMGOVERNMENT,NORAD,CHINA,JAICACO,AUSTRALIA,BELGIJ,ITALI,DENISH,IRANGOVERN,NIRAD,WORDBANK,BRITAIN,BRITISHGOVERNMENT,WORLDNK,CHINESE,WIZRAYAMAJINAEGYPT,HILFEFURBRUDER,DANIDS,DANNIDA,ITALIANGOVERNMENT,GERMAN,WORDBANK,TANZEGYPTTECHNICALCOOPERA,WORDLBANK
SECONDARYSCHOO,KWANGNAMMIDDLESCHOOL,SCHOO,LOLIONDOSECONDARY,MBOZISECONDARYSCHOOL,PRINCEMEDIUMSCHOOL,KIBAHAINDEPENDENTSCHOOL,EASTMERUMEDIUMSCHOOL,OVERLANDHIGHSCHOOL,LUCHELEGUPRIMARYSCHOOL,SCHOOLADM9NSTRARION,TINGATINGASECSCHOOL,POLANDSECSCHOOL,MANYOTAPRIMARYSCHOOL,SPCPREPRIMARYSCHOOL,UPENDOPRIMARYSCHOOL,MWLNYERERESECSCHOOL,SHULEYASEKONDARIIPULI,SHULEYAMSINGI,SHULEYAMSINGIUFALA,KAGUNGULISECONDARY,SCHOLASTICAPANKRASI,SEKONDARI,ORPHANAGE,ZINGIBALISECONDARY,SECONDARYSCHOOL
CHARITY,GOV,LOCAL_GOV,PRIVATE,RELIGIOUS,FOREIGN,SCHOOL
WORLDVISION,UNICEF,OXFAM,OXFARM,FINIWATER,WATERAID,AMREF,MISSION,ADRA,MAGADINIMAKIWARUWATER,OIKOSEAFRIKA,UNICE,CONCERNWORLDWIDE,CONCERN,FINWATER,WATERAIDSEMA,PLANINTERNATIONAL,COCEN,REDCROSS,FINNWATER,OIKOSEAFRICAEUROPEANUNION,ICS,THEDESKANDCHAIRFOUNDAT,HAPPYWATOTOFOUNDATION,FINWATER,COCERN,SAVETHERAINUSA,WATERAIDSEMA,CAREINTERNATIONAL,PLANINTERNATIO,WWF,ROTARYCLUB,OXFAMGB,WATERPROJECTMBAWALACHINI,LIVINGWATERINTERNATIONAL,UNICEFCENTRAL,DESKANDCHAIRFOUNDATION,WOMENFORPARTNERSHIP,ACTIONAID,AFRICARE,AFRICANDEVELOPMENTFOUNDATION,UNICEFCSP,WATEAIDSEMA,CONCERNGOVERN,OIKOSEAFRICAEUROPEANUNION,COCEN,CONCERNGOVERNM,TASAF,TCRS,HIFAB,FINW,ISF,DED,PLANINT,UNHCR,SNV,MISSI,CMSR,CDTF,CONCE,MARAFIP,CEFA,TWESA,WFP,USAIDWFP,WFPTNT,WFPUSAIDTNT,WFPUSAID,WFPTNTUSAID,WFP,DEVONAIDKOROGWE,ACRA,SHAWASA,CAFOD,TDFT,ILO,ICS,THEDESKANDCHAIRFOUNDAT,WORLDVISIONADRA,SAVETHERAINUSA,UNDPILO,IL,IWASH,MILENIAMPROJECT,TOTALLANDCARE,CEFANJOMBE,KILLFLORA,MSF,PEACECOPE,DRDPNGO,IDYDC,TAHEA,LIVIN,AFRICANRELIE,MSFTACARE,UNDPAICT,SECONDARY,LIFETIME,MILLENIUM,TASAFU,TASAFDMDD,CHAMAVITA,DESKANDCHAIRFOUNDATION,KADRESNGO,ACTIONCONTRELAFAIM,KINGUPIRAS,MILENIA,LOTTERYCLUB,ROTARYCLUBOFUSAANDMOSHI,SUMMITFORWATER,NGOS,JESHILAWOKOVU,TOTALLANDCARE,CONCEN,DWEBAMBOOPROJEC,UHAIWAMAMANAMTOTO,MAVUNONGO,AFRICAN,NO,WORLDVISIONKKKT,HOSPITAL,ROTARYI,BINGOFOUNDATION,QUICKWINPROJECT,QUICKWI,QUWKWIN,QUICK,QWICKWIN,QUICK,QUICKWINGS,QUICKWINS,QUIK,QUICKWINPROJECTCOUNCIL,OIKOS,LVIA,TWE,DW,ADP,MAGOMAADP,ADPMOMBO,KADP,DADP,OXFARMGB,OX,KINDOROKOWATERPROJECT,RILAYOWATERPROJECT,AFRICAPROJECTEVGERMANY,KAMATAPROJECT,KIBARAFOUNDATION,KUJIFOUNDATION,FRIENDSOFKIBARAFOUNDATION,KOMBEFOUNDATION,BINGOFOUNDATIONGERMANY,AFRICANREFLECTIONSFOUNDATION,NGO,ROTARYCLUBAUSTRALIA,LOTARYCLUB,ROTARYCLUBOFCHICOANDMOSHI,ROTARYCLUBKITCHENER,ROTATYCLUB,LIONSCLUB,LIONSCLUBKILIMANJARO,UNWFP,TLCJOHNMAJALA,BREADFORTHEWOR,UNICEFCSPD,KDRDPNGO,LIONS,CARTASTANZANIA,USAID,ASDP,TUMAINIFUND,BRIDGENORTH,ROTERYC,QUICKWINS,ACTIONINA,LOTTERY,FRIEDKINCONSERVATIONFUND,CAREINT,REDCROSS,AFRICANREALIEFCOMMITTEOFKU,AFRICA2000NETWORK,ACORDNGO,THEISLA,TACARE,ISFTACARE,TINAAFRICARE,TOTOLANDCARE,CAREDWE,TOTALANDCARE,VIFAFI,ENGINEERSWITHOUTBORDER,QUICKWIN,QWCKWIN,UNICET,GOLDWILLFOUNDATION,LOTARYINTERNATIONAL,ROTARY,QUICKLW,WATERAIDDWE,UNISEG,COMPASIONINTERNATIONAL,TKC,TQUICKWINGS,HESAWAANDCONCERNWORLDWIDE,WWFFORES,OIKOSEAFRICAEUROPEANUNION,QWICKWIN,TLCJENUSMALECHA,UNICEG,WORLDVISION,TLCEMMANUELKASOGA,ONEDESKONECHAIR,UNICRF,WOMENFOPARTNERSHIP,AFRIICANRELI,HEARTSHELPINGHANDSINC,QWEKWIN,BREADOFTHEWORL,INTERNATIONALAIDSERVICES,UNICECSPD,SHIRIKALAKINAMAMANAWATOT,LIONSC,TADEPA,SEMA,UDCSEMA,WATERSEMA,SEMAS,SEMAKIK,GIZ,TLC,PARTAGE,CSPD,ILCT,EFG,ERETO,MSABI,SNVSWASH,SWASH,DARALBER,PRF,LWI,IDEA,NADO,PCI,TRACHOMA,CALTAS,TCRSTLC,ADAP,FARMAFRICA,SIMAVI,UNESCO,ENGIN,AWF,ACORD,ADPBUNGU,ENO,AFRICAAMINIALAMA,IRC,AFRICA2000NETWORKUNDP,ADPW,AFRICAN2000NETWORK,LGAANDADB,TOTOLAND,QUICKWINHALMASHAURI,TANEDAPSSOCIETY,HAPASINGIDA,UNHABITAT,AMREFE,GURDIANS,CHMAVITA,RAMSAR,FREDKEDCONSERVATION,WCST,LIONCLU,RUDRI,WSDO,SIPDO,KIKUNDICHAAKINAMAMA,TLCSORRI,FARMAFRICA,BUSOGATRUST,TLCTHIMOTHEOMASUNGA,KARADEANGO,AQUABLUESANGELS,QUICKWINSSCHEME,TLCSELEMANMANGOMBE,AFDP,FW,WORLD,WATERAID,UNISEF,OIKOSEAFRICA,WATERAID,CBHCC,WFPUSAID,TPPTRUSTMOSHI,ADPBUSANGI,MVIWA,WORLDVISSION,HAPA,WATERAID,TLTC,REDESO,CONCERNGOVERNMENT,SAVETHERAIN,MILENIAM,SUMMITFORWATERCOMMUNITY,OIKOSEAFRICA,TWESACOMMUNITY,WATERAIDSEMA,TRUST,DESKC,AFRICA,HIAP,PEOPLEP,TCRSTLC,OIKOSEAFRICA,MILENIUM,EFARM,LIONS,AFRICA,TCRSTWESA,TCRSTWESA,WWF,QUKWIN,AGRICAN,FINWATE,TWESAJAMII,TCRSA,CARECIPRO,COMPASIONINTERNATIO,LIONSCLUB,WORLDVISIIN,TCRSTASSAF,WATERAIDS,TCRSDWE,ICFTWESA,TLCSAMORA,LIONSCLUB,WATERAIDMAJITECH,AFRICAONE,NGOS
GOVERNMENTOFTANZANIA,RWSSP,MINISTRYOFWATER,LGA,DWSP,RURALWATERSUPPLYANDSANITAT,WSDP,TANZA,KUWAIT,FINIDAGERMANTANZANIAGOVT,DWSSP,CIPROGOVERNMENT,WATERBOARD,TANZANIA,ISFGOVERNMENT,RWSP,GOVERNMENTCOMMUNITY,FINIDAGERMANTANZANIAGOVT,GOVERNMENTWORLDBANK,MEMBEROFPARLIAMENT,GOVERNMENTTASSAF,RWSSSP,TASSAFDANIDA,RWSSPWSDP,MINISTRYOFEDUCATION,RSSP,KOICAANDTANZANIAGOVERNMENT,MINISTRYOFWATER,DHV,WATER,RUDEP,WB,TASSAF,UNDP,GTZ,PADEP,NATIONALRURAL,IDARAYAMAJI,DWENORAD,SERIKALI,DHVNORP,IFAD,TANZAKESHO,DHVMORO,RURALWATERSUPPLYANDSANITA,NATIONALRURALANDHFA,DHVGOVE,BFFS,TASSAFII,PARASTATAL,MINISTRYOFEDUCATION,WRSSP,TCRSGOVERNMENT,DOMESTICRURALDEVELOPMENTPRO,RURALDRINKINGWATERSUPPLY,KAEMP,TASAFANDLGA,TASAFII,TASAE,TAASAF,ISFTASAFF,TASAFANDLGA,TASAFANDMMEM,TASAF1,TASAFTLC,TASA,RURALWATERDEPARTMENT,WATERSECTORDEVELOPMENT,WATERDEPARTMENT,DOMESTICWATERSUPPLYPROJECT,DISTRICTRURALPROJECT,VGOVERNMENT,GOVERNMENTSDA,MISRIGOVERNMENT,GOVERNMENTANDCOMMUNITY,GOVERNMENTTASSAF,GOVERNMENTTCRS,GOVERNMENTWORLDVISION,GOVERNMENT,HANDENITRUNKMAIN,DOMESTICRURALDEVELOPMENTPR,MINISTRYOFAGRICULTURA,MINISTRYOFHEALTHY,RWSSPSHINYANGA,GOVERNMENTOFMISRI,TASSAFI,OVERNMENT,RUDEPNORAD,RUDEPDWE,TASF,DEDRWSSP,DWERUDEP,HEALTHMINISTRY,GO,DH,RIDEP,TREDEP,KIRDEP,TRIDEP,KIDEP,REDEP,PADEPMIFUGO,DASIP,PIDP,ASB,UKILIGU,RDC,IMF,SAOH,BENGUKA,DASP,HEALT,MEM,CBHI,NSC,DDP,HESAWZ,DBSPE,TANAPA,TANAP,PMO,SIMMORS,WIZARA,DODDEA,TIRDO,RURALWATERSUPPLY,DASSIP,SSWP,TANROAD,TPP,WAJERUMANI,TASEF,TANZANIAEGYPT,TREEDAP,PRODAP,NATIONALPARK,AFYADEPARTMENTLINDIRURAL,CHAMACHAUSHIRIKA,WDSP,TANLOAD,HESSWA,HESAWZA,HEWAWA,HEWASA,ISFGVT,HESAWWA,DRWSSP,TANZANIAEGYPTTECHNICALCOOP,DAGIDA,HESAWA,HE,RWE,CENTRALGOVERNMENT,GOVER,GOVE,DISTRI,CENTR,MWE,CENTRALGOVT,GOVER,CENTRALGOVERNMENT,REGIONWATERDEPARTMENT,RWEDWE,MWE,WIZARAYAMAJI,TANZANIAGOVERNMENT,KIDP,GOVERN,TAWASA,TANPLANTLTD,GEOTAN,NORA,CENTRALGOVERNMENT,TANZ,UKILIG,RWECOMMUNITY,CENTRALGOVERNMENT,RW,CANADANATANZANIA,RUDEP,MINISTRYOFWATERENGINEER,RWECOMMUNITY,RUDE,RWECOMMUNITY,ADRAGOVERNMENT,CENTALGOVERNMENT,TASAF,WE,CEBTRALGOVERNMENT,UNONE,KOICA,TANZANIANGOVERNMENT,TASSAFTCRS,PLANTANZANIA,GOVERM,WORLDBANKS,GOVERNME,RWECOMMUNITY,SELIKALI,WORLDDIVISION,REDAP,CIPRO,GOVERNME,TANCRO,TAIPO,RWETCRS,NOSHAD,HANDENITRUNKMAIN,MPANGOWAMWISA,CENTRAGOVERNMENT,HEESAW,GOVERNMEN,HESAW,TASAFANDCOMUNITY,DWETASSAF,HESAWS,CETRALGOVERNMENTRC,CENTRAGOVT
DISTRICTCOUNCIL,MKINGADISTRICCOUN,MKINGADISTRICCOU,KIBAHATOWNCOUNCIL,VILLAGEGOVERNMENT,SONGEADISTRICTCOUNCIL,SONGEAMUNICIPALCOUNCI,WUA,VILLAGERS,VILLAGECOUNCIL,COMMUNITY,MUWSA,HALMASHAURIYAWILAYASIKONGE,HSW,VWC,NCAA,MKINGADISTRICCOU,LOSAAKIAWATERSUPPLY,COMMU,KILINDIDISTRICTCO,TABORAMUNICIPALCOUNCIL,KUWASA,MBIUWASA,WATERUSERAS,TUWASA,HALMASHAURI,VILLAGE,KILWATER,VILLAGECOMMUNITY,SEKEIVILLAGECOMMUNITY,SINGIDAYETU,SOWASA,MAKONDEWATERPOPULATION,SUMBAWANGAMUNICI,BAHEWASA,OLGILAIVILLAGECOMMUNITY,VILLAGECOUNCILHAYDOMLUTHER,HALMASHAURIYAMANISPATABORA,LGCDG,LOWASA,KINAPA,AUWASA,SUWASA,MZINGAA,SERIKALIYAKIJIJI,REGIONALWATERENGINEERARUSHA,WATERUSERGROUP,IKELAWA,COUNCIL,SENGEREMADISTRICTCOUNCIL,MTUWASA,MAMLAKAYAMAJINGARA,HALMASHAUR,MBOZIDISTRICTCOUNCIL,VILLAGEGOVT,SAUWASA,KYELACOUNCIL,DUWAS,SANGEADISTRICTCOUNCIL,MUNICIPALCOUNCIL,MHEZADISTRICCOUNC,ILKERIVILLAGE,KIGOMAMUNICIPAL,MWANGATOWNWATERAUTHORITY,LOCAL,VILLA,MTUWASAANDCOMMUNITY,NGIRESIVILLAGECOMMUNITY,LIUWASSA,NDUKUVILLAGE,OLDADAIVILLAGECOMMUNITY,HALMASHAURIYAWILAYA,MDRDP,NDRDP,GOVERNMENTSCHOOL,MUWASA,DAWASA,SUASA,VILLAGEWATERCOMMISSION,KIGOMAMUNICIPALCOUNCIL,VILLEGECOUNCIL,VILLAGECOUNCILROSEKAWALA,WBDISTRICTCOUNCIL,CDTFDISTRICTCOUNCIL,VILLAGEFUND,HALMASHAULI,SOLARVILLA,GESAWA,VILLAERS,COMUNITYCONSTRUCTIONFUND,VILLAGECONTRIBUTIO,DARESSALAAMROUNDTABLE,MARUMBOCOMMUNITY,VILLAGECOMMUNI,GRANAHALMASHAURI,KITIANGAREVILLAGECOMMUNITY,HALMASHAURIWIL,VILLAGEOFFICE,SUBVILLAGE,TCRSVILLAGECOMMUNITY,VILLAGERES,VILLAGERSMPI,VILLEGERS,VILLAGES,VILLLAGECONTRIBUTI,ILWILOCOMMUNITY,KWADITRIKICHO,TLCCOMMUNITY,HALIMASHAULI,OKUTUVILLAGECOMMUNITY,BULUGASUBVILLAGECOMMUNITY,NYAMINGUSUBVILLAGE,IGOLOLACOMMUNITY,TOWNCOUNCIL,COMMUNITYBANK,OAKZIONANDBUGANGOBCOMMU,SCHOOL,LONGIDOSECSCHOOL,MDC,ISINGIROHO,RUNDUMAN,RUNDUMAN,LVEMP,LGDCG,LGCBG,IFAKARA,LCDG,ARDHIINSTUTE,EDUCATIONFUNDS,MFUKOWAJIMBOLAMAGU,KONDOPRIMARY,MASEKACOMMUNITY,CDFT,LGCGD,MANYOVUAGRICULTUREINSTITUTE,SELIKALIYAKIJIJI,WANAKIJIJI,KWAMZEEWAZIRI,KIJIJ,SENGEREMAWATERDEPARTMENT,MAGADINIMAKIWARUWA,DWE,DISTRICTWATERDEPARTMENT,ADRACOMMUNITY,ADRACOMMUNITY,COMMUNIT,DISTRICTWATERDEPAR,DWE,DISTRICTCOUNCI,VILLAG,VILL,ARDHIWATERWELL,DWE,SANGEADISTRICTCOUN,COUN,VILLAGECOUNCILORPHA,SONGEADISTRICTCOUN,SHUWASA,DADSVILLAGECOMMUNITY,COUNC,DISTRICTCOUNCIL,SERENGETIDISTRICTCONCIL,DEE,VILLAGECOUNIL,HALMASHAURIQUICKWINPROJECT,VILLAGER,MAENDELEOYAJAMII,NDDP,MUNICIPAL,COMUNITY,VILLAGER,VILLAGEWATERCOMMITTEE,MDRD,ESAWA,WATERUSERSGROUP,DISTRICTCOMMUNITYJ,WATERBOARDS,VILLAGECOMMUNITYMEMBERS,LINDIRURALWATERDEPARTMENT,ENGARASEROVILLAGERS,DISTRICWATERDEPARTMENT,VILLAGECOUNCILODA,TABOMACOMMUNITY,VILLI,VILLIGERS,MBULUDISTRICTCOUNCIL,DWEUBALOZIWAMAREKANI,UBALOZIWAMAREKANIDWE,DWETASSAF,DWE
PRIVATEINDIVIDUAL,ADB,PRIVATE,CESGMBH,SHIPO,CESGMBH,AFRICANDEVELOPMENTBANK,BANK,PRIVATEOWNED,WILLIAMSOMDIAMONLTD,IEC,PRIVA,TULAWAKAGOLDMINE,NYAMONGOGOLDMINING,GEITAGOLDMAIN,KILIWATER,WANANCHI,DFID,DONOR,JBG,AAR,BIORE,SONGAS,BGM,SABODO,MWAYAMN,SWISLANDMOUNTMERUFLOWERS,TADO,RESOLUTEMINING,FPCT,BULYAHUNLUGOLDMINE,SNVLTD,WILLIAMSONDIAMONDLTD,HORTANZIA,PROFESSORBENOHIOUNIVERSITY,MEMBEROFPARLIAMENT,SANPELLEGRINO,SIMONLUSAMBI,ROBERTLOYAL,DAWASCO,REGWACOMPANYOFEGYPT,JGB,LAWATEFUKAWATERSUPPLY,SABEMO,LAWATEFUKAWATERSUPP,FRESHWATERPLCENGLAND,RESOLUTEGOLDENPRIDEPROJECT,REGINAGROUP,NGELEPOGROUP,IKEUCHITOWELSJAPAN,FIWATER,SWISLANDMOUNTMERUFLOWERS,TENDEGREEHOTEL,AFRICANBARRICKGOLD,BIOFUELCOMPANY,VICFISHLTD,KIBOBREWARIES,STEPHANOPAULO,STEVENNYANGARIKA,GEOCHAINA,LOSAKIAWATERSUPPLY,SAFARIROYA,MZUNGUPAUL,LAWATEFUKAWATERSUPPL,HOTELSANDLOGGSTZLTD,PRIVATEPERSON,REGWACOMPANYOFEGPTY,JUDGEMCHOME,MMGGOLDMINE,COMPANY,EGYPT,PETERTESHA,PETERNGEREKA,PETERS,PETER,INSTITUTION,LEEKANGPYUNGSFAMILY,WAFIDHIWAZIWAT,JOHNGILETH,PRIVATEINDIVIDUL,MEMBEROFPERLIAMENTAHMEDALI,RICHARDMKYORE,BONITEBOTTLESLTD,ROBERTMOSI,PRIVATECO,OTELOBUSSINESSCOMPANY,PETERMAYIRO,PRIVATEINSTITUTIONS,JOHNSKWESE,OLDNYIKACOMPANY,PAULOSANGE,PROFSALUATI,ROBERTKAMPALA,DASPLTD,HOTELSANDLODGETANZANIA,KAYEMPULTD,MASWIDRILLINGCOLTD,QSEMLTD,LUKESAMARASLTD,QSEMLTD,HANS,RISHED,MKUYU,SHULE,KONOIKE,MAGADINIMAKIWARUWATER,TANESCO,KIJIJI,MWELIAESTATE,VICKFIS,MTIBWAS,VODACOM,GREINAKER,MAKONDEWATERSUPPLY,ZAOWATERSPRING,SHANTA,RAILWAY,ABOOD,VIFIFI,VICFISH,INVESTOR,GAMEFRONTI,GREINEKER,MAKONDAKONDEWATERPOPULATION,ECOLODGE,TRC,LG,STABEX,PORILAAKIBAKIGOSI,TANGACEMENT,RESOLUTEMININGGOLDENPRIDE,MAKANYASISALESTATE,CARMATECH,AFRICAONELTD,SEGERAESTATE,MERUCONCRETE,NAMUNGOMINERS,CAMARTEC,PWC,KWAMDULUESTATE,HOLILIWATERSUPPLY,KENYANSCOMPANY,CES,WEDECO,LAWATEFUKAWATERSUP,CONSULTINGENGINEER,LOSAAKIAWATERSUPP,WANAN,LOCALTE,LOCALTECHNICIAN,JANDUPLUMBERCO,SHYBUILDERS,VTECOS,LOCALCONTRACT,CJEJOWCONSTRUCTION,LOCALTECHNICIAN,JUINCO,INDIVIDUALS,KOROGWEWATERWORKS,KYASHAENTERPR,NYAKILANGANICO,HYDROTEC,CONSUTINGENGINEER,KIMKIMCONSTRUCTION,NAISHUCONSTRUCTIONCOLTD,REGIONALWATER,SAXON,SIALTD,PETCORPORATIONLTD,KILIFLORA,NANDRACONSTRUCTION,GOLDSTAR,MASWICOMPANY,KILLFLORACOMMUNITY,CONSULTANT,COSMOSENGINEERING,CONSULTANTENGINEER,ATIGHBUILDINGS,CHINAHENANCONTRACTOR,MASWI,GWASECO,SINGIDAGENERALSUPPLIESLTD,AMPCONTRACTOR,ACTIVETANKCO,KALAGOENTERPRISESCOLTD,DRMATOMOLA,KILWACOMPANY,PITCOOPERATIONLTD,KILLFLORACOMMUNITY,COSMOSENGLTD,MACKDONALDCONTRACTOR,MLAKICO,SEMACOLTD,LVALTD,SIMBACO,BARIC,LAWATEFUKAWATERSU,SAXONBUILDINGCONTRACTOR,MANYARACONSTRUCTION,WANJODA,MIDA,AMPCONTRACTS,WEDECOWESSONS,NANRACONTRACTOR,YUMBAKAENGINEERING,AMPCONTRACT,MDALACONTRACTOR,CLAUSEWORKERS,VICTORIADRILLCO,MASWIDRILL,WANAN,OBC,CONSULTANTANDDWE,VICTORIACOMPANY,MAKAMACONSTRUCTION,MGM,ATLASCOMPANY,MOMBOURBANWATERS,GIDACONTRACTOR,GOLDSTAR,HOWARDANDHUMFREYCONSULTANT,RUANGWACONTRACTOR,WASSOCOMPANIES,MAJITECHCONSTRUCTION,LOCALTECHNICALTEC,JLHCOLTD,UMOJADRILLING,MAGADINIMAKIWARUWA,JUIN,DRMATOBOLA,LOSAKIAWATERSUPPL,AMBONIPLANTATION,MAJITECH,HALMASHAURIYAMBURU,MCHOME,KOBERGCONTRACTOR,GACHUMAGINERY,NYAKILANGANICONSTRUCTION,WASSOCONTRACTORS,MASWIDRILLING,MAZIINVESTMENT,BUILDINGWORKSCOMPANYLTD,MAKEENGINEERING,FURAHIATRADING,DRMATOBOLA,INVES,VICTORIADRILL,KYASHAENTREPR,MOMBOURBANWATER,CJEJOW,LINDALACO,LOCALLTECHNICIAN,MWAKICONTRACTOR,AQUARMANDRILLERS,NYAKILANGANI,MBULICO,UMOJADRILLINGCONSTRUCTION,YELLLTD,WEDEKO,KARUMBABUILDINGCOMPANYLTD,VICKFI,INDIVIDUAL,WINNINSPIRITCO,SHIP,RESOLUTE,HANJALT,ILOLANGULUWATERSUPPLY,INDIVIDUAL,UNIVERSALCONSTRUCTION,AQAL,JHLCOLTD,DDCACO,VIENCONSTRUCTION,WINNINSPIRITCOLTD,TAIPO,MKONCONSTRUCTION,MWAKICONTRACTO,SAFERESCUELTD,RURALDRINKUNGWATERSUPPLY,GEORGEMTOTOCOMPANY,ALTAICOLTD,KILIWATERR,BUILDINGWORKSENGINEERINGLTD,MKONGOCONSTRUCTION,UMOJADRILLINGCONTRUCTO,MSUKWACONSTRUCTIONCOMPANY,AQWAMANDRILLING,REGWACOMPANY,EMANDABUILDERS,MKONGCONSTRUCTION,PRIVAT,UMOJADRILLINGCONTRACTOR,VILLAGELOCALCONTRACTOR,MKONGOBUILDINGCONTRACTOR,SAXONBUILDINGCONTRACTORS,MASUCOMPANY,MACKDONALDCONTRSCTOR,GLOBALRESOURCECO,WINAMCONSTRUCTION,PRIVATECOMPANY,REGWACOMPANY,ARDHIANDPETCOMPANIES,SHIPOCONSTRUCTORS,HUMFREYSCO,HOWARDHUMFREYS,MORNINGCONSTRUCTION,PETCOPORATIONLTD,MASWIDRILLINGCOLTD,MREMICONTRACTOR,LINDICONTRACTOR,WINAMCONSTRUCTION,WINAMUCO,GACHUMACONSTRUCTION,KARUMBABIULDINGCOMPANYLTD,KWASENENGEGROUP,SEMACONSULTANT,MACKDONALDCOLTD,GLOBALRESOURCECONSTRUCTION,MANDIACONSTRUCTION,PRIVATETECHNICIAN,WANANCHITECHNICIANS,CFBUILDERS,PRIVATEINDIVIDUALS,SPARDRILLING,JOHNKIMINDACO,KARUMBABIULDINGCONTRACTOR,HOWARDANDHUMFREYCONSULTANTS,KILANGANICO,WINAMCO
ROMANCATHOLIC,KKKT,RCCHURCH,DMDD,KKKTMAKWALE,ANGLICANCHURCH,KKKTCHURCH,ISLAMICFOUND,CHURC,RCCHURC,ROMANCATHORICSAME,MISSIONARIES,RCCHURCECEFA,ISLAMIC,FATHERBONIFASI,AFRICANMUSLIMAGENCY,ROMANCATHORICSAME,ROMANCATHOLICRULENGEDIOCESE,ROMANCHURCH,MOSQUE,RCCHURCHCENTR,LUTHERANCHURCH,GERMANYMISIONARY,MUSLIMS,KKKTDIOCESYAPARE,MOROVIANCHURCH,ROMANCATHORICKILOMENI,BAPTISTCHURCH,ISLAM,WORLDVISIONKKKT,MOSLEMFOUNDATION,CHURCH,FREEPENTECOSTECHURCHOFTANZ,RCCATHORIC,RCMISSION,TAGCHURCH,MUSILIMAGENCY,ROMANCA,FPCTCHURCH,ROMAN,RCCH,AICT,WVT,CARITAS,KANISAKATOLIKILOLOVONI,KIUMA,HWRC,KANISALAMENONITE,RCCHURCHCEFA,SDA,KANISA,ANGRIKANA,WORLDVISIONRCCHURCH,FULLGOSPELCHURCH,KANISAKATOLIKI,RCMISSION,CHRISTIANOUTRICH,FREEPENTECOSTECHURCHOFTANZ,LOLIONDOPARISH,MISSIONARY,PENTECOSTACHURCH,ABASIA,KKKTLEGURUKI,KKKTNDRUMANGENI,KKKTDME,KKKTCANAL,KKKTUSA,KKKTMAREU,KKKTDME,CHRISTANOUTRICH,NAZALETCHURCH,CEFARCCHURCH,GILCAFECHURCH,HAIDOMULUTHERANCHURCH,JUSARANGCHURCHANDBUGANGO,ROMANCATHORICCHURCH,TAGCHURCHUB,AICCHURCH,BUKWANGCHURCHSAINTS,AGTCHURCH,CHURCHOFDISCIPLES,PENTECOSTALCHURCH,BUKWANGCHURCHSAINT,EUNGAMMETHODISTCHURCH,SDACHURCH,METHODISTCHURCH,NAZARETHCHURCH,STMAGRETHCHURCH,PAGCHURCH,BATISTCHURCH,DWEANGLICANCHURCH,EUNGAMMETHODISTCHURCH,ISLAMICAGENCYTANZANIA,ARABSCOMMUNITY,SHEARMUSLIM,FATHERW,THEISLAMIC,SISTERFRANCIS,MORAVIAN,MOROVIAN,DIOCESEOFGEITA,DMKANGLICAN,SITERFRANSIS,GERMANMISSIONARY,HERIMISSION,CGRC,GERMANYCRISTIANS,UNICEFAFRICANMUSLIMAGENCY,RCDWE,STELIZABETHMAJENGO,NEEMIAMISSION,MISSIO,DIOCE,ROMANCATHORIC,ROMAMCATHOLIC,TCRSCARE,TCRSCARE,CIPROCARETCRS,CIPROCARE,ISLAMICCOMMUNITY,ISLAMICSOCIETY,MUSLIMUSOCIETYSHIA,ANSWEERMUSLIMGROU,KOMEPARISH,PENTECOSTASEELA,MUISLAM,CRISTANOUTRICH,MUSLIMEHEFENINTERNATIONAL,WAMISIONARIWAKIKATORIKI,GERMANYMISSIONARY,CATHORIC,MUSLIMWORLD,RCMSUFI,PENTEKOSTE,MUSLIMSOCIETY,NYABIBUYEISLAMICCENTER,PENTECOST,SISTERMAKULATA,MORROVIAN,RCMISSI,RCNJORO,CALTASTANZANIA,KALEBEJOPARISH,PENTECOSTALHAGANASWEEDEN,GRAILMISSIONKISEKIBAR,PENTECOSTAL,ARABCOMMUNITY,MOSQURE,RCMISSIONARY,DIOCESEOFMOUNTKILIMANJARO,KILIMARONDOPARISH,RCMOFU,BRUDER,MSIKITI,ELCT,AIC,STPH,LUTHERAN,CPPS,FLORESTA,IREVEASISTER,HYDOMLUTHELANI,AGAPECHURC,FOSECU,TCRSKIBONDO,TCRST,ARABI,KANISALATAG,RCMI,USAMBALASISTER,KANISANI,KANISALAMITUME,STGASPER,CPPSMISSION,WAMISSIONARIWAKIKATORIKI,KANISALANEEMA,KKKTKONDEANDDWE,ANGLI,RC,KKT,FATHE,NDANDAMISSIONS,RCCHURCHCENTRALGOVER,RCC,TAG,CARTAS,ANGLI,KKTC,MASJID,LUTHE,KK,KMT,AFRICAISLAMICAGENCYTANZANIA,AFRICANMUSLIMSAGE,MSIKI,RC,TAGPATMOS,CALVARYCONNECTION,RCCHURCHBROTHER,ANGLICANUGANDA,KKKTKATITIJUU,ROMAM,ANGLIKAN,RCCHURCH,RCMIS,ANGLICACHURCH,PENTECOSTA,PUMPENTECOSTALSWEEDEN,MASJIDTAKUAR,PENTECOSTCHURCH,AFRICAMUSLIM,GERMANMISSIONSRY,KKKTKILINGA,ANGLICANUGANDA,ANGLIKANACHURCH
DANIDA,GERMANYREPUBLI,NETHERLANDS,NORAD,JICA,JAICA,NETHALAN,SWEDISH,GERMANY,CHINAGOVERNMENTDWENORAD,TZJAPAN,EUROPEANUNION,DADS,HOLLAND,SWISSIF,JIKA,NETHE,DADIS,NORADKIDEP,THEPEOPLEOFJAPAN,FINLANDGOVERNMENT,ACOGERMANY,USEMBASSY,FINLAND,JEICA,ACOGERMANY,CANADA,BELGIANGOVERNMENT,PEOPLEOFJAPAN,WORLDBANK,BRITISHCOLONIALGOVERNMENT,FRANCE,GAICA,USA,GREEC,SWEDEN,JAPNEMBASSY,COLONIALGOVERNMENT,JAPANAID,ITALYGOVERNMENT,USAEMBASSY,CHINAGOVERNMENT,WATUWAUJERUMANI,NORADGOVERNMENT,UN,THEPEOPLEOFJAPAN,EUACRA,UBALOZIWAMAREKANI,FRANC,COMUNEDIROMA,JAPANFOOD,NETHERLAND,KOREA,JAPANEMBASSY,DANIDAGOVERNMENT,WORLDBANKGOVERNMENT,UNHCRGOVERNMENT,NORADGOVERNMENT,JAPANGOVERNMENT,IRISHGOVERNMENT,EGYPTGOVERNMENT,IRANGOVER,ITALY,BRITISHTANZA,PEOPLEFROMJAPAN,NORADTASSAFII,NIGER,MORAD,SWEEDEN,DQNIDA,HOLAND,NORADTASSAF,FOREIGNE,WATUWAMAREKANI,ITALIAN,NATHERLAND,UBALOZIWAJAPANI,JAPANFOODAIDCOUNTERPART,EMBASYOFJAPANINTANZANIA,PEOPLEFROMEGYPT,DAIDA,NERTHLANDS,NORADRUDEP,NORADJAPAN,NETHERLA,PEOPLEOFSWEDEN,CANADAAID,UNHCRDANIDA,DANID,DANID,DA,EGYPTTECHNICALCOOPERATION,EU,IRISHAI,FRIENDFROMUN,JAPAN,GROBALRESOURCEALLIANCE,JAPANFOODAID,DDCA,WOULDBANK,BELGIAMGOVERNMENT,NORAD,CHINA,JAICACO,AUSTRALIA,BELGIJ,ITALI,DENISH,IRANGOVERN,NIRAD,WORDBANK,BRITAIN,BRITISHGOVERNMENT,WORLDNK,CHINESE,WIZRAYAMAJINAEGYPT,HILFEFURBRUDER,DANIDS,DANNIDA,ITALIANGOVERNMENT,GERMAN,WORDBANK,TANZEGYPTTECHNICALCOOPERA,WORDLBANK
SECONDARYSCHOO,KWANGNAMMIDDLESCHOOL,SCHOO,LOLIONDOSECONDARY,MBOZISECONDARYSCHOOL,PRINCEMEDIUMSCHOOL,KIBAHAINDEPENDENTSCHOOL,EASTMERUMEDIUMSCHOOL,OVERLANDHIGHSCHOOL,LUCHELEGUPRIMARYSCHOOL,SCHOOLADM9NSTRARION,TINGATINGASECSCHOOL,POLANDSECSCHOOL,MANYOTAPRIMARYSCHOOL,SPCPREPRIMARYSCHOOL,UPENDOPRIMARYSCHOOL,MWLNYERERESECSCHOOL,SHULEYASEKONDARIIPULI,SHULEYAMSINGI,SHULEYAMSINGIUFALA,KAGUNGULISECONDARY,SCHOLASTICAPANKRASI,SEKONDARI,ORPHANAGE,ZINGIBALISECONDARY,SECONDARYSCHOOL
